role,name,location,post_time,description,level,job_type,job_func,industry,url
Candidature stagiaire Saint-Charles-Borrom√©e,Patrick Morin,"Saint-Charles, Quebec, Canada",2023-08-07,"Tu d√©sires mettre en application tes connaissances th√©oriques?

Nous offrons plusieurs possibilit√©s de stage, et ce, au sein d'une √©quipe dynamique et √† l'√©coute de ta r√©alit√© √©tudiante.

Transmets-nous ta candidature en nous d√©crivant le stage que tu recherches!

Merci de ton int√©r√™t √† te joindre √† l'√©quipe Patrick Morin et bon succ√®s dans tes √©tudes.",Internship,Full-time,Education and Training,Retail,https://ca.linkedin.com/jobs/view/candidature-stagiaire-saint-charles-borrom%C3%A9e-at-patrick-morin-3703136634?refId=GhxijU%2Bn%2B80VJUamWtYHww%3D%3D&trackingId=3yboT8KwvoHteMZsgrklAw%3D%3D&position=1&pageNum=0&trk=public_jobs_jserp-result_search-card
Technical Support Analyst Co-Op/Intern,Kinaxis,"Qu√©bec, Quebec, Canada",2023-09-01,"At Kinaxis, who we are is grounded in our common belief that people matter. Each one of us plays an important part in accomplishing our work, building our culture and making a global impact.

Every day, we‚Äôre empowered to work together to help our customers make fast, confident planning decisions. This is how we create a better planet ‚Äì for each other, for our customers and for generations to come. Our cloud-based platform RapidResponse ensures that the products we need ‚Äì everything from medicine and cars, to day-to-day items like toothpaste ‚Äì make it to market and into our hands when we need them with minimal ecological footprint.

We make the world better, and you can too.


our office in Ottawa, Canada or Remote, Canada


12 months starting January 2024


The Customer Support team is comprised of more than 50 experienced support professionals with an array of technical experience from various backgrounds. We have regional offices in NA, EMEA, and APAC to provide our customers global coverage as we handle more than 12,000 support cases annually.









For more information, visit the Kinaxis web site at www.kinaxis.com or the company‚Äôs blog at http://blog.kinaxis.com/ .

Kinaxis strongly encourages diverse candidates to apply to our welcoming community. We strive to make our website and application process accessible to any and all users. If you would like to contact us regarding the accessibility of our website or need assistance completing the application process, please contact us at recruitmentprograms@kinaxis.com . This contact information is for accessibility requests only and cannot be used to inquire about the status of applications.",Internship,Full-time,Information Technology,Software Development,https://ca.linkedin.com/jobs/view/technical-support-analyst-co-op-intern-at-kinaxis-3710309001?refId=GhxijU%2Bn%2B80VJUamWtYHww%3D%3D&trackingId=GgMfoIuhl%2BmT8%2FXdYdX2jg%3D%3D&position=2&pageNum=0&trk=public_jobs_jserp-result_search-card
"Stagiaire, Technician (Automne 2023) / Internship, Service Technician Trainee (Fall 2023)",Tesla,"Qu√©bec, Quebec, Canada",2023-08-04,"What to Expect
En tant que technicien stagiaire, vous travaillerez sur l‚Äôun des v√©hicules les plus r√©volutionnaires au monde. Dans ce poste vous devrez rencontrer les clients, donc de solides comp√©tences en service √† la client√®le combin√©es √† une capacit√© technique exceptionnelle sont n√©cessaires. Pour ce poste, vous devrez vous rendre au centre de service. La communication est tr√®s importante. Excellente communication orale et √©crite requise. Si la satisfaction du client est primordiale pour vous, si vous √™tes une personne motiv√©e et si vous avez un excellent esprit d‚Äô√©quipe, nous aimerions vous rencontrer. Un service militaire pertinent peut remplacer l‚Äôexp√©rience de l‚Äôindustrie, et les anciens combattants sont encourag√©s √† postuler.





#VehicleService",Internship,Internship,Information Technology,"Renewable Energy Semiconductor Manufacturing, Motor Vehicle Manufacturing, and Utilities",https://ca.linkedin.com/jobs/view/stagiaire-technician-automne-2023-internship-service-technician-trainee-fall-2023-at-tesla-3683814916?refId=GhxijU%2Bn%2B80VJUamWtYHww%3D%3D&trackingId=LJHIOU2B%2Ba1LMFX1cqtidg%3D%3D&position=3&pageNum=0&trk=public_jobs_jserp-result_search-card
Stagiaire en Actuariat - 4 mois Co-op/Stage_fr,Intact,"Qu√©bec, Quebec, Canada",2023-08-24,"Nos employ√©s sont au c≈ìur de ce que nous faisons de mieux : aider les gens, les entreprises et la soci√©t√© √† aller de l‚Äôavant dans les bons moments et √† √™tre r√©silients dans les moments difficiles. En vous joignant √† notre √©quipe, vous contribuerez √† ces efforts aux c√¥t√©s de gens exp√©riment√©s et passionn√©s.

Int√©grez un milieu o√π vous disposerez des ressources n√©cessaires pour apprendre et √©voluer, en plus d‚Äô√™tre valoris√©s pour qui vous √™tes : chez Intact, la diversit√© est une force. Vous pouvez compter sur nous pour vous aider √† atteindre vos objectifs avec des outils, des possibilit√©s et de la flexibilit√©. C‚Äôest notre promesse aux employ√©s.

Notre formule hybride permet de maintenir un √©quilibre entre le t√©l√©travail et les avantages des interactions en personne.

Poursuivez votre lecture pour d√©couvrir comment vous pouvez fa√ßonner l‚Äôavenir, r√©ussir en √©quipe et √©voluer avec nous.





Lancer votre carri√®re chez Intact, c‚Äôest vous joindre √† une communaut√© diversifi√©e d‚Äôexperts qui valorisent vos comp√©tences dans une industrie en constante √©volution. Ici, vous recevrez de l‚Äôencadrement dans un milieu dynamique o√π le travail est concret. Vous innoverez et ferez avancer notre organisation, au b√©n√©fice des clients et des collectivit√©s. Vous √©voluerez tant sur le plan personnel que professionnel gr√¢ce √† des plateformes d‚Äôapprentissage de pointe et d√©velopperez des liens durables partout dans l‚Äôorganisation. Par-dessus tout, vous verrez combien le monde du travail peut √™tre stimulant.

Ici, votre carri√®re pourra d√©coller üöÄ

Si vous pensez que le est pour vous et que vous √™tes int√©ress√© √† faire partie de la grande famille d‚ÄôIntact, lisez ce qui suit et faites-nous parvenir votre candidature d√®s aujourd‚Äôhui!









Nous avons h√¢te d‚Äôapprendre √† mieux vous conna√Ætre. . Votre dossier ne sera consid√©r√© que s‚Äôil est complet.



En travaillant chez nous, vous aurez tous les outils pour donner le meilleur de vous-m√™me chaque jour.



Chez Intact, nous valorisons la diversit√© et cr√©ons un milieu de travail inclusif et accessible o√π tous se sentent appr√©ci√©s, respect√©s et √©cout√©s.

Si nous pouvons rendre le processus de recrutement plus accessible pour vous, n‚Äôh√©sitez pas √† nous le dire quand nous vous ferons part d‚Äôune possibilit√© d‚Äôemploi. Nous travaillerons avec vous pour r√©pondre √† vos besoins.

Cliquer ici pour d‚Äôautres informations importantes sur le processus d‚Äôembauche, y compris la v√©rification des ant√©c√©dents, les candidats internes et le droit de travailler au Canada.",Internship,Full-time,Finance and Sales,"Software Development, Insurance, and Financial Services",https://ca.linkedin.com/jobs/view/stagiaire-en-actuariat-4-mois-co-op-stage-fr-at-intact-3703454031?refId=GhxijU%2Bn%2B80VJUamWtYHww%3D%3D&trackingId=y8DwA9xf7KDrWJfD%2BYc%2F5w%3D%3D&position=4&pageNum=0&trk=public_jobs_jserp-result_search-card
Dairy Sales Intern,Cargill,"Qu√©bec, Quebec, Canada",2023-08-17,"Want to build a stronger, more sustainable future and cultivate your career? Join Cargill's global team of 160,000 employees who use new technologies, dynamic insights and over 154 years of experience to connect farmers with markets, customers with ingredients, and people and animals with the food they need to thrive.

Dairy Sales Intern

All candidates must complete Cargill‚Äôs online application prior to interviewing. Below you will find a link that will direct you to complete the application for this position. To be considered for employment with Cargill, you must apply online and complete the entire application process, along with an e-signature. Please complete your application as soon as possible.

Please note, applications will be reviewed on an ongoing basis with the possibility of filling the role before the application deadline. Please submit your application as soon as possible, so it may be reviewed to be considered for the position.

Your Internship

Gain real experience. Learn from the best. See how your work matters.

Our internships are designed to prepare you for your career journey, not a final destination. When you join our team, you are welcomed into a community committed to providing you with a safe environment to learn, grow and cultivate your skills. With our expansive learning resources, our well-respected leaders, and our carefully curated development courses, you will be equipped to confidently solve tomorrow's global issues. And, truthfully, our future relies on you. Your innovative minds, your intentional collaboration, and your sincere desire to nourish the world. Your work may be local, but at Cargill, your impact will be global. Join our community to cultivate your curiosity, develop meaningful relationships and propel your career.

Dairy Sales Internship

Cargill Animal Nutrition provides customized animal productivity solutions to commercial producers across the Americas, Europe, and Asia. Rather than focusing on standardized nutrition products, we create customized ingredient blends and management programs to fit each situation. Our research-proven management and nutrition technologies suit the specific needs of our diverse array of customers. And our animal nutrition and management professionals offer the scope and creativity to serve the unique needs of each customer.

Our internship program enables you to learn more about Cargill Animal Nutrition and career opportunities for consultants. Meaningful projects, along with the chance to network with our employees and business partners, make this a valuable work experience. Our Dairy Consultants are responsible for interacting with clients and prospective customers, helping them understand how Cargill can provide solutions for them and improve their profitability.

Your Work

Throughout your summer with us, you will be given extensive and ongoing training in the areas of nutrition, animal husbandry and sales. You will be using the latest computer technology and maintaining a computerized client data base. You will be involved in specific market-based projects designed to help support on farm monitoring of production performance.

Principal Accountabilities:


Our Programming


Internship Details


Our Benefits

No matter who you are or where you are, we have resources to meet your needs. As an intern, you‚Äôll have access to a wide variety of programs to support you and help you Eligible programs and incentives include:


Our Network

Your development is our priority. With our outstanding global network, you will establish relationships, acquire mentors, and build your professional contacts. Our program encourages and orchestrates networking opportunities that will benefit you now and in your future career. During the internship, you will also receive consistent support from university recruiting staff, mentors, colleagues, and your supervisor.

Our Vibrant Community

At Cargill, you will be a part of our vibrant global community with a culture that celebrates diversity. This is a reflection of the clients we serve and generates an intellectually diverse set of employees. Business Resource Groups (BRGs) help us embrace our diversity, make our culture more inclusive and enhance our employees‚Äô outstanding talents and perspectives to benefit our organization and employees.

Job Locations




Cargill is an equal opportunity employer and committed to providing accommodation to our job applicants with disabilities.",Internship,Internship,Management and Manufacturing,"Food and Beverage Services, Chemical Manufacturing, and Food and Beverage Manufacturing",https://ca.linkedin.com/jobs/view/dairy-sales-intern-at-cargill-3697271781?refId=GhxijU%2Bn%2B80VJUamWtYHww%3D%3D&trackingId=7BBIvwzP2ZOOqy1xyxjXgg%3D%3D&position=5&pageNum=0&trk=public_jobs_jserp-result_search-card
Stagiaire en Actuariat - 4 mois Co-op/Stage,Intact,"Qu√©bec, Quebec, Canada",2023-08-24,"Our employees are at the heart of what we do best: helping people, businesses and society prosper in good times and be resilient in bad times. When you join our team, you‚Äôre bringing this purpose to life alongside a passionate community of experts.

Feel empowered to learn and grow while being valued for who you are‚Äì here, diversity is a strength. You have our commitment to support you in reaching your goals with tools, opportunities, and flexibility. It‚Äôs our employee promise.

Our hybrid work model provides the balance between working from home and enjoying meaningful in-person interactions.

Read on to see how you can shape the future, win as a team, and grow with us.







Lancer votre carri√®re chez Intact, c‚Äôest vous joindre √† une communaut√© diversifi√©e d‚Äôexperts qui valorisent vos comp√©tences dans une industrie en constante √©volution. Ici, vous recevrez de l‚Äôencadrement dans un milieu dynamique o√π le travail est concret. Vous innoverez et ferez avancer notre organisation, au b√©n√©fice des clients et des collectivit√©s. Vous √©voluerez tant sur le plan personnel que professionnel gr√¢ce √† des plateformes d‚Äôapprentissage de pointe et d√©velopperez des liens durables partout dans l‚Äôorganisation. Par-dessus tout, vous verrez combien le monde du travail peut √™tre stimulant.

Ici, votre carri√®re pourra d√©coller üöÄ

Si vous pensez que le est pour vous et que vous √™tes int√©ress√© √† faire partie de la grande famille d‚ÄôIntact, lisez ce qui suit et faites-nous parvenir votre candidature d√®s aujourd‚Äôhui!









Nous avons h√¢te d‚Äôapprendre √† mieux vous conna√Ætre. . Votre dossier ne sera consid√©r√© que s‚Äôil est complet.



Working here means you'll be empowered to be and do your best every day. Here is some of what you can expect as a temporary member of our team:



At Intact, we value diversity and strive to create an inclusive, accessible workplace where all individuals feel valued, respected, and heard.

If we can provide a specific adjustment to make the recruitment process more accessible for you, please let us know when we reach out about a job opportunity. We‚Äôll work with you to meet your needs.

Click here to review other important information about the hiring process, including background checks, internal candidates, and eligibility to work in Canada.",Internship,Full-time,Finance and Sales,"Software Development, Insurance, and Financial Services",https://ca.linkedin.com/jobs/view/stagiaire-en-actuariat-4-mois-co-op-stage-at-intact-3703447241?refId=GhxijU%2Bn%2B80VJUamWtYHww%3D%3D&trackingId=lZ0t8RbVMcUDH8qcYXZlmw%3D%3D&position=6&pageNum=0&trk=public_jobs_jserp-result_search-card
Stagiaire maintenance - Mandat CADLOCK,Leclerc Foods,"Saint-Augustin-de-Desmaures, Quebec, Canada",2023-08-10,"Biscuits Leclerc est une entreprise familiale forte de 118 ans d'exp√©rience, de tradition et de savoir-faire transmis par des gens de c≈ìur. Gr√¢ce √† nos 1 900 collaborateurs r√©partis dans neuf usines au Canada et aux √âtats-Unis, nous innovons constamment pour surpasser les attentes des petits et grands app√©tits.",Internship,Part-time,Management and Manufacturing,"Food and Beverage Services, Food and Beverage Manufacturing, and Manufacturing",https://ca.linkedin.com/jobs/view/stagiaire-maintenance-mandat-cadlock-at-leclerc-foods-3704891961?refId=GhxijU%2Bn%2B80VJUamWtYHww%3D%3D&trackingId=BYyUOWgfdRqdhlGh1nZ6XQ%3D%3D&position=7&pageNum=0&trk=public_jobs_jserp-result_search-card
STAGIAIRE EN ARCHIVISTIQUE,Soci√©t√© qu√©b√©coise des infrastructures,"Qu√©bec, Quebec, Canada",2023-08-28,"Votre r√¥le

√Ä quoi ressemblera ta journ√©e ?

Configurer des outils SharePoint en fonction des principes de la gestion √©lectronique des documents.

Tu es passionn√© par la gestion √©lectronique des documents ? SharePoint n‚Äôa plus de secret pour toi ? Tu d√©sires √©voluer dans une ambiance de travail agr√©able ? La Direction de la performance organisationnelle a le stage qu‚Äôil te faut !

Travailler √† la SQI, c‚Äôest contribuer √† b√¢tir le Qu√©bec de demain. En tant qu‚Äôexpert immobilier du gouvernement du Qu√©bec, la Soci√©t√© qu√©b√©coise des infrastructures propose des d√©fis stimulants et la possibilit√© d‚Äôavoir un r√©el impact sur la soci√©t√©. Nos √©quipes multidisciplinaires √©voluent dans un climat de confiance, d‚Äôam√©lioration continue et de collaboration, et ce, dans le respect d‚Äôune culture organisationnelle ax√©e sur le d√©veloppement durable et de valeurs communes (respect, int√©grit√©, rigueur, savoir-faire, performance et innovation).





Tu veux en savoir plus sur nous ? Visite le www.sqi.gouv.qc.ca







Tu es int√©ress√© √† contribuer √† b√¢tir le Qu√©bec de demain en devenant stagiaire √† la SQI ? √áa tombe bien, la SQI a besoin de toi ! Pour postuler, rien de plus simple ! Fais parvenir votre candidature en cliquant sur le bouton ""Postuler maintenant""

La Soci√©t√© qu√©b√©coise des infrastructures applique un programme d‚Äôacc√®s √† l‚Äô√©galit√© et invite les femmes, les Autochtones, les minorit√©s visibles, les minorit√©s ethniques et les personnes handicap√©es √† pr√©senter leur candidature.

Des mesures d‚Äôadaptation peuvent √™tre offertes aux personnes handicap√©es en fonction de leurs besoins.

Le genre masculin est utilis√© sans discrimination et dans le seul but d‚Äôall√©ger le texte.

Nous remercions tous les candidats de leur int√©r√™t pour le poste. Toutefois, seuls les candidats pr√©s√©lectionn√©s seront contact√©s.",Internship,Full-time,Other,"Construction, Government Administration, and Real Estate",https://ca.linkedin.com/jobs/view/stagiaire-en-archivistique-at-soci%C3%A9t%C3%A9-qu%C3%A9b%C3%A9coise-des-infrastructures-3706108329?refId=GhxijU%2Bn%2B80VJUamWtYHww%3D%3D&trackingId=R%2F8LJez2%2FBnScIYX5Fab0w%3D%3D&position=8&pageNum=0&trk=public_jobs_jserp-result_search-card
Stagiaire ing√©nieur commercial 2024 / 2024 Sales Engineer Intern - Equipment,Trane Technologies,"Qu√©bec, Quebec, Canada",2023-08-07,,,,,,https://ca.linkedin.com/jobs/view/stagiaire-ing%C3%A9nieur-commercial-2024-2024-sales-engineer-intern-equipment-at-trane-technologies-3703186936?refId=GhxijU%2Bn%2B80VJUamWtYHww%3D%3D&trackingId=wf3VgOSfeG0c0Uk9KlRlDA%3D%3D&position=9&pageNum=0&trk=public_jobs_jserp-result_search-card
"Stage en fiscalit√© (√ât√©, Automne et Hiver)",Raymond Chabot Grant Thornton,Greater Quebec City Metropolitan Area,2023-04-01,"C'est plus qu'un stage! C'est une exp√©rience concr√®te dans ton domaine, c'est le commencement de ta carri√®re avec nous!

Nous t'offrons la possibilit√© de prendre ton envol au sein de nos √©quipes multidisciplinaires o√π la collaboration, au c≈ìur de notre culture, acc√©l√®rera ton avanc√©e.

Notre firme laisse son empreinte chaque jour sur les sc√®nes locales, nationale et internationale. Viens faire la diff√©rence ! Joins ton talent aux n√¥tres, agissons ensemble pour les entreprises!

Le stage et la carri√®re chez Raymond Chabot Grant Thornton (vid√©o)


Pour voir tous nos bureaux : Nos bureaux | Raymond Chabot Grant Thornton








Chaque aventure commence par un choix; la tienne commence ici!

Tu es un √©tudiant et tu poursuis des √©tudes universitaires en science comptables ou en fiscalit√©?

Nous embauchons des √©tudiants √† chaque session : Hiver, √ât√© et Automne.

Postule d√®s aujourd‚Äôhui et n‚Äôoublie pas de joindre ton curriculum vitae ainsi que ton dernier relev√© de notes √† ta candidature.

Tu as des questions ?


Ana√Øs Eudes : Eudes.Anais@rcgt.com

Genevi√®ve Dub√©-Marcil : Dube-Marcil.Genevieve@rcgt.com",Internship,Full-time,Education and Training,Financial Services,https://ca.linkedin.com/jobs/view/stage-en-fiscalit%C3%A9-%C3%A9t%C3%A9-automne-et-hiver-at-raymond-chabot-grant-thornton-3582892801?refId=GhxijU%2Bn%2B80VJUamWtYHww%3D%3D&trackingId=6yGtw2OSLwFNNDL6vXhObA%3D%3D&position=10&pageNum=0&trk=public_jobs_jserp-result_search-card
Stagiaire en certification,MALLETTE Soci√©t√© de comptables professionnels agr√©√©s,"L√©vis, Quebec, Canada",2023-07-02,"Bien choisir ton stage, c‚Äôest bien choisir ta carri√®re‚Äâ!

Nous t‚Äôoffrons la possibilit√© de te d√©velopper et de prendre ta place. Tu vises une carri√®re et un milieu de travail o√π le leadership, l‚Äôint√©grit√©, le respect et l‚Äôentraide font partie de ton quotidien‚Äâ? Deviens MALLETTE‚Äâ!

Solidement implant√©e au Qu√©bec, Mallette compte plus de 1300 employ√©s r√©partis dans 33 bureaux ≈ìuvrant dans diff√©rents champs d‚Äôexpertise professionnelle ce qui en fait le plus grand cabinet comptable 100 % d‚Äôappartenance qu√©b√©coise, occupant le quatri√®me rang dans la province de Qu√©bec et le dixi√®me au Canada. , laissant une grande place √† l‚Äôinitiative et libert√© dans la prise de d√©cision. Mallette adopte une hi√©rarchie tr√®s horizontale, un leadership participatif et une gestion qui mise sur la rel√®ve et les jeunes talents. Tu occuperas chez nous une place de haute importance.

De plus, l‚Äô√©quipe est grandement r√©put√©e pour son ambiance de travail, son dynamisme et ses employ√©s comp√©tents.

Nous sommes actuellement √† la recherche de qui se joindront √† nos √©quipes des bureaux de Qu√©bec, de L√©vis, de Trois-Rivi√®res, de Saint-Georges ou de Montmagny. En plus, lors de ton stage, tu pourrais avoir la chance de d√©couvrir des disciplines compl√©mentaires √† la profession des CPA, telles la fiscalit√©, les services-conseils, l‚Äôactuariat et autres champs d‚Äôexpertise. Tu pourrais √©galement effectuer diverses t√¢ches comptables pour supporter nos clients.

















Consulte notre site Web et envoie-nous ta lettre de pr√©sentation, ton curriculum vitae et ton dernier relev√© de notes par courriel ( recrutement@mallette.ca ) √† l‚Äôattention de

. N‚Äôoublie pas d‚Äôindiquer le num√©ro de r√©f√©rence ainsi que le bureau o√π tu aimerais faire ton stage.",Entry level,Full-time,Information Technology,Financial Services,https://ca.linkedin.com/jobs/view/stagiaire-en-certification-at-mallette-soci%C3%A9t%C3%A9-de-comptables-professionnels-agr%C3%A9%C3%A9s-3677942005?refId=GhxijU%2Bn%2B80VJUamWtYHww%3D%3D&trackingId=YjIlUO8Ty5BHRXY15oPo8A%3D%3D&position=11&pageNum=0&trk=public_jobs_jserp-result_search-card
Stagiaire en g√©nie minier - Hiver 2024,BBA Consultants,"Qu√©bec, Quebec, Canada",2023-08-31,,,,,,https://ca.linkedin.com/jobs/view/stagiaire-en-g%C3%A9nie-minier-hiver-2024-at-bba-consultants-3709572907?refId=GhxijU%2Bn%2B80VJUamWtYHww%3D%3D&trackingId=h9kDSDK3xWCt3ub38fOwtg%3D%3D&position=12&pageNum=0&trk=public_jobs_jserp-result_search-card
"Co-Op/Intern Cloud Engineer, Observability",Kinaxis,"Qu√©bec, Quebec, Canada",2023-09-01,"At Kinaxis, who we are is grounded in our common belief that people matter. Each one of us plays an important part in accomplishing our work, building our culture and making a global impact.

Every day, we‚Äôre empowered to work together to help our customers make fast, confident planning decisions. This is how we create a better planet ‚Äì for each other, for our customers and for generations to come. Our cloud-based platform RapidResponse ensures that the products we need ‚Äì everything from medicine and cars, to day-to-day items like toothpaste ‚Äì make it to market and into our hands when we need them with minimal ecological footprint.

We make the world better, and you can too.


our office in Ottawa, Canada or Remote, Canada


4 or 8 months starting January 2024


As a member of our Cloud Platform Analytics and Observability team, you will be responsible for analyzing and interpreting data from cloud-based systems and databases and presenting insights to key stakeholders. You will also be responsible for developing automation to mature our observability strategy. You will gain valuable experience working with a range of cloud-native tools and platforms and will have the opportunity to work on real-world projects.









For more information, visit the Kinaxis web site at www.kinaxis.com or the company‚Äôs blog at http://blog.kinaxis.com/ .

Kinaxis strongly encourages diverse candidates to apply to our welcoming community. We strive to make our website and application process accessible to any and all users. If you would like to contact us regarding the accessibility of our website or need assistance completing the application process, please contact us at recruitmentprograms@kinaxis.com . This contact information is for accessibility requests only and cannot be used to inquire about the status of applications.",Internship,Full-time,Engineering and Information Technology,Software Development,https://ca.linkedin.com/jobs/view/co-op-intern-cloud-engineer-observability-at-kinaxis-3710307041?refId=GhxijU%2Bn%2B80VJUamWtYHww%3D%3D&trackingId=OtieMrURULPKyjQb4l9S3A%3D%3D&position=13&pageNum=0&trk=public_jobs_jserp-result_search-card
Stagiaire g√©nie industriel - Am√©lioration continue,Umano Medical,"L√©vis, Quebec, Canada",2023-08-07,"En te joignant √† l'√©quipe Am√©lioration continue, tu contribueras aux initiatives Lean de l'entreprise au sein des √©quipes R&D. Sous la responsabilit√© directe de la Coordonnatrice am√©lioration continue, tu participeras √† diff√©rentes √©tapes de projets en am√©lioration des processus et d'optimisation des m√©thodes de travail. Tu supporteras les √©quipes afin d'am√©liorer les m√©thodes de travail pour leur permettre de d√©velopper des solutions novatrices orient√©es vers les patients, le personnel m√©dical et nos clients.

Plus pr√©cis√©ment, voici √† quoi pourrait ressembler ta journ√©e
Ce qui fait de toi la personne id√©ale pour ce stage

Joins-toi √† une √©quipe engag√©e et dynamique au sein d'une entreprise en pleine croissance. L'humain passe v√©ritablement avant tout ici, et tu vas le ressentir d√®s le premier jour.

Viens vivre une exp√©rience qui va bien au-del√† de l'√©quipement m√©dical !",Internship,Full-time,Education and Training,Medical Equipment Manufacturing,https://ca.linkedin.com/jobs/view/stagiaire-g%C3%A9nie-industriel-am%C3%A9lioration-continue-at-umano-medical-3703137883?refId=GhxijU%2Bn%2B80VJUamWtYHww%3D%3D&trackingId=V7lArx5%2F96WFGyTr%2F2Nfhg%3D%3D&position=14&pageNum=0&trk=public_jobs_jserp-result_search-card
Stagiaire en conception √©lectronique,ABB,"Qu√©bec, Quebec, Canada",2023-07-14,,,,,,https://ca.linkedin.com/jobs/view/stagiaire-en-conception-%C3%A9lectronique-at-abb-3645920310?refId=GhxijU%2Bn%2B80VJUamWtYHww%3D%3D&trackingId=RiKr3nj37lgHN7P0JhjocA%3D%3D&position=15&pageNum=0&trk=public_jobs_jserp-result_search-card
STAGES / INTERNSHIP & JOURN√âES CARRI√àRE / CAREER DAYS,EBC Inc.,"Qu√©bec, Quebec, Canada",2023-03-31,"Description Du Poste

OFFRES DE STAGES

Nos √©quipes accueillent r√©guli√®rement des stagiaires. Si vous avez envie de vivre l‚Äôexp√©rience EBC, soumettez votre CV (2 pages maximum) accompagn√© d‚Äôune lettre expliquant pourquoi vous voulez √™tre stagiaire chez nous.



Leader canadien en construction, EBC ≈ìuvre dans les secteurs du b√¢timent, des travaux civils et des mines.

En collaboration avec ses partenaires d‚Äôaffaires, EBC r√©alise avec succ√®s des projets de qualit√©, √† la fois ambitieux et diversifi√©s, en appliquant les plus hauts standards de s√©curit√©, tout en privil√©giant la satisfaction de ses clients.



D√©velopper notre position de chef de file canadien dans la r√©alisation de projets de construction, tout en conservant nos valeurs humaines.






Our teams regularly take on interns. If you‚Äôd like to sample the EBC experience, submit your CV (maximum 2 pages) and a letter explaining why you would like to intern with us.



A Canadian construction industry leader, EBC is active in the building, mining, and major civil engineering sectors. In collaboration with its business partners, EBC carries out ambitious and diverse projects of the highest quality. We apply the most stringent safety and quality standards while focusing on customer satisfaction.



To develop our position as a Canadian construction leader, while insisting on universal human values.",Internship,Internship,Education and Training,Construction,https://ca.linkedin.com/jobs/view/stages-internship-journ%C3%A9es-carri%C3%A8re-career-days-at-ebc-inc-3581747852?refId=GhxijU%2Bn%2B80VJUamWtYHww%3D%3D&trackingId=COa4nrtns5Jzm4JP9fN05w%3D%3D&position=16&pageNum=0&trk=public_jobs_jserp-result_search-card
Stagiaire Logistique ville de Qu√©bec,Labatt Breweries of Canada,"Qu√©bec, Quebec, Canada",2023-08-28,"Dreaming big is in our DNA. It‚Äôs who we are as a company. It‚Äôs our culture. It‚Äôs our heritage. And more than ever, it‚Äôs our future. A future where we‚Äôre always looking forward. Always serving up new ways to meet life‚Äôs moments. A future where we keep dreaming bigger. We look for people with passion, talent, and curiosity, and provide them with the teammates, resources and opportunities to unleash their full potential. The power we create together ‚Äì when we combine your strengths with ours ‚Äì is unstoppable. Are you ready to join a team that dreams as big as you do?


Fond√©e il y a plus de 175 ans, Labatt est l'une des entreprises fondatrices du Canada et son principal brasseur. Nous sommes fier-√®re-s de notre histoire et de notre patrimoine au Canada, et nous sommes fid√®les √† notre engagement de brasser des bi√®res de grande qualit√© et au go√ªt exceptionnel qui satisfont les amateur-trice-s de bi√®re depuis des g√©n√©rations. Labatt a cr√©√© des exp√©riences exaltantes avec les consommateur-trice-s gr√¢ce √† des marques embl√©matiques comme Budweiser, Bud Light, N√úTRL, Michelob Ultra, Corona, Stella Artois et bien d'autres. Gr√¢ce √† notre vaste gamme de produits, nous sommes v√©ritablement un brasseur national. Avec plus de 3 600 employ√©-e-s, un portefeuille de plus de 60 bi√®res et pr√™ts-√†-boire de qualit√©, et 10 brasseries partout au pays, nous sommes fier-√®re-s de servir le Canada et les communaut√©s auxquelles nous appartenons.


Le programme de stage en Logistique est un programme intensif de 16 semaines qui attire les personnes les plus brillantes et les plus motiv√©es qui peuvent entreprendre des projets stimulants dans une vari√©t√© de fonctions d'affaires. Le titulaire travaillera sous la direction du directeur de la logistique. Il est en charge de superviser, coordonner et contr√¥ler les activit√©s li√©es √† la rel√®ve des camions, la gestion de la s√©curit√©, le contr√¥le de l‚Äôinventaire, la r√©ception des mati√®res premi√®res et produits finis, ainsi que de l‚Äôalimentation et l‚Äôextraction des lignes de production.

Nous recherchons des personnes ayant des comp√©tences tr√®s vari√©es qui auront non seulement un impact pendant leur stage, mais qui pourraient √™tre converties en embauche √† temps plein. Les postes vacants comprennent un poste √† temps plein ou une place dans l'un de nos nouveaux programmes de rotation des dipl√¥m√©s; Cela comprend, sans toutefois s'y limiter, notre programme de d√©veloppement en gestion mondiale, notre programme de d√©veloppement en ventes, notre programme de d√©veloppement en logistique et notre programme de d√©veloppement en brasserie.







En tant que l‚Äôun des 100 meilleurs employeurs au Canada, Labatt est une entreprise o√π les individus peuvent r√©v√©ler le meilleur d'eux-m√™mes. Nous cherchons toujours √† offrir de nouvelles fa√ßons de c√©l√©brer les moments de la vie, et nous avons de grands r√™ves pour faire avancer notre industrie et avoir un impact positif et significatif dans nos communaut√©s. Nous croyons en la cr√©ation d'un avenir que tout le monde peut c√©l√©brer et partager.


La Brasserie Labatt du Canada est un employeur offrant l‚Äô√©galit√© professionnelle et nous nous engageons √† maintenir un environnement accueillant, s√ªr et inclusif pour chaque personne - quel que soit son √¢ge, sa race, son origine ethnique, sa nationalit√©, son orientation sexuelle, son identit√© et son expression de genre, sa religion, sa neurodiversit√© ou son statut de handicap.


La Brasserie Labatt du Canada s‚Äôengage √† utiliser des pratiques de recrutement justes et √©quitables. Les personnes ayant un handicap sont encourag√©es √† le mentionner √† tout moment du processus de recrutement pour demander un ajustement au besoin. Les membres de notre √©quipe se consultent pour cr√©er des processus offrant aux personnes ayant un handicap la meilleure exp√©rience de recrutement possible.

POUR COMMUNIQUER AVEC NOUS


Instagram @ labattbreweries

LinkedIn @ Labatt Breweries of Canada",Internship,Full-time,Management and Manufacturing,Beverage Manufacturing,https://ca.linkedin.com/jobs/view/stagiaire-logistique-ville-de-qu%C3%A9bec-at-labatt-breweries-of-canada-3706114677?refId=GhxijU%2Bn%2B80VJUamWtYHww%3D%3D&trackingId=pxvJupaSqpvgUM2oj4VpaQ%3D%3D&position=17&pageNum=0&trk=public_jobs_jserp-result_search-card
Stage ing√©nierie de proc√©d√©s / Internship Process Engineering,Primero Group,"Qu√©bec, Quebec, Canada",2023-08-14,,,,,,https://ca.linkedin.com/jobs/view/stage-ing%C3%A9nierie-de-proc%C3%A9d%C3%A9s-internship-process-engineering-at-primero-group-3688111328?refId=GhxijU%2Bn%2B80VJUamWtYHww%3D%3D&trackingId=frhIbbLvs6V7dFSVpkEiYQ%3D%3D&position=18&pageNum=0&trk=public_jobs_jserp-result_search-card
Pr√©pos√© service √† la client√®le,Alimentation Couche-Tard,"Qu√©bec, Quebec, Canada",2023-08-04,"1805 1Re Av, Qu√©bec, Quebec G1L 4Y5

Horaire : Temps plein ou temps partiel (√† d√©terminer selon les besoins et vos disponibilit√©s.)

Salaire de jour : $16.45 (prime de 1$ incluse)

Salaire de nuit: $16.45 (Prime de nuit de 3$ + prime de r√©tention 1$ incluse)







Le poids de la marchandise peut varier pouvant peser jusqu‚Äô√† 12 kg (25 lb)

Pour en savoir plus, consultez notre site internet : https://carrieres.couche-tard.com


Viens grandir avec nous !

Suivez-nous sur LinkedIn!

Le masculin est utilis√©, sans discrimination, afin d‚Äôall√©ger le texte.

Nous remercions tous les candidats de l‚Äôint√©r√™t qu‚Äôils portent √† ce poste; seules les personnes s√©lectionn√©es seront contact√©es.",Entry level,Full-time,Management and Manufacturing,Retail,https://ca.linkedin.com/jobs/view/pr%C3%A9pos%C3%A9-service-%C3%A0-la-client%C3%A8le-at-alimentation-couche-tard-3701469098?refId=GhxijU%2Bn%2B80VJUamWtYHww%3D%3D&trackingId=Xez1KZO%2Fc5mxBBIyMtfhMA%3D%3D&position=19&pageNum=0&trk=public_jobs_jserp-result_search-card
Pr√©pos√© service √† la client√®le - Temps partiel -ACT,Alimentation Couche-Tard,"Qu√©bec, Quebec, Canada",2023-07-29,"2845 Boul P√®re-Leli√®vre, Qu√©bec, Quebec G1P 2X9

Pr√©pos√©(e) au service √† la client√®le

Salaire (jour et soir) : 16,45$/h (incluant prime*) + prime de r√©tention de 500$ apr√®s 6 mois**

Horaire : Temps plein ou temps partiel de jour ou soir (√† d√©terminer selon les besoins et vos disponibilit√©s)







Le poids de la marchandise peut varier pouvant peser jusqu‚Äô√† 12 kg (25 lb)






valorise la diversit√© et de l‚Äôinclusion et vise √† cr√©er un milieu de travail sain, accessible et gratifiant qui met en valeur la contribution unique de nos employ√©s au succ√®s de notre entreprise. En tant qu'employeur qui s'engage √† respecter l'√©quit√© en mati√®re d'emploi, nous encourageons les candidatures les plus diverses afin de pouvoir nous doter d‚Äôun effectif vari√© et repr√©sentatif de nos clients et des communaut√©s que l‚Äôon sert. Des accommodements sont disponibles sur demande pour les candidats qui participent √† tous les aspects du processus de s√©lection.",Entry level,Full-time,Other,Retail,https://ca.linkedin.com/jobs/view/pr%C3%A9pos%C3%A9-service-%C3%A0-la-client%C3%A8le-temps-partiel-act-at-alimentation-couche-tard-3701468749?refId=GhxijU%2Bn%2B80VJUamWtYHww%3D%3D&trackingId=fohwvfnEsNb64WCVprDGXA%3D%3D&position=20&pageNum=0&trk=public_jobs_jserp-result_search-card
Pr√©pos√© service √† la client√®le - Temps partiel -ACT,Alimentation Couche-Tard,"Qu√©bec, Quebec, Canada",2023-07-29,,,,,,https://ca.linkedin.com/jobs/view/pr%C3%A9pos%C3%A9-service-%C3%A0-la-client%C3%A8le-temps-partiel-act-at-alimentation-couche-tard-3701463646?refId=GhxijU%2Bn%2B80VJUamWtYHww%3D%3D&trackingId=ylGUhDQAOJlK19w5kLnr%2Bw%3D%3D&position=21&pageNum=0&trk=public_jobs_jserp-result_search-card
Pr√©pos√© service √† la client√®le - temps plein -ACT,Alimentation Couche-Tard,"Qu√©bec, Quebec, Canada",2023-07-26,"2900 Boul Lebourgneuf, Qu√©bec, Quebec G2C 1S2

Pr√©pos√©(e) au service √† la client√®le

Salaire (jour et soir) : 16,45$/h (incluant prime*) + prime de r√©tention de 500$ apr√®s 6 mois**

Horaire : Temps plein ou temps partiel de jour ou soir (√† d√©terminer selon les besoins et vos disponibilit√©s)







Le poids de la marchandise peut varier pouvant peser jusqu‚Äô√† 12 kg (25 lb)






valorise la diversit√© et de l‚Äôinclusion et vise √† cr√©er un milieu de travail sain, accessible et gratifiant qui met en valeur la contribution unique de nos employ√©s au succ√®s de notre entreprise. En tant qu'employeur qui s'engage √† respecter l'√©quit√© en mati√®re d'emploi, nous encourageons les candidatures les plus diverses afin de pouvoir nous doter d‚Äôun effectif vari√© et repr√©sentatif de nos clients et des communaut√©s que l‚Äôon sert. Des accommodements sont disponibles sur demande pour les candidats qui participent √† tous les aspects du processus de s√©lection.",Entry level,Full-time,Management and Manufacturing,Retail,https://ca.linkedin.com/jobs/view/pr%C3%A9pos%C3%A9-service-%C3%A0-la-client%C3%A8le-temps-plein-act-at-alimentation-couche-tard-3699524837?refId=GhxijU%2Bn%2B80VJUamWtYHww%3D%3D&trackingId=KGuSYRzsuyAVKuTzQLJoFw%3D%3D&position=22&pageNum=0&trk=public_jobs_jserp-result_search-card
"Stagiaire, Certification (Et√© 2024)",BDO Canada,"Qu√©bec, Quebec, Canada",2023-08-24,"Nous veillons chaque jour √† faire de nos employ√©s notre priorit√©

Chez BDO, les relations positives avec nos gens et nos clients sont fondamentales. Chaque jour, nos professionnels offrent √† nos clients un service exceptionnel, ainsi que des conseils et des observations auxquels ils peuvent se fier. En contrepartie, nous offrons √† nos employ√©s un milieu de travail prim√© qui les met √† l‚Äôavant-plan et qui fait de leur croissance personnelle et de leur perfectionnement professionnel une priorit√©.


Notre bureau de recherche pour son √©quipe de . Il s‚Äôagit d‚Äôun mandat qui s‚Äô√©chelonnera et qui comporte les responsabilit√©s suivantes :






Chez BDO, nous avons √† c≈ìur d‚Äôassurer la r√©ussite des √©tudiants qui sont candidats au titre de CPA. Nous offrons des programmes pr√©approuv√©s dans plus de cent bureaux, du mentorat et du soutien, le remboursement des frais de scolarit√©, l‚Äôinscription au meilleur cours pr√©paratoire √† l‚ÄôEFC au Canada et des options flexibles en mati√®re de cong√© d‚Äô√©tudes pour favoriser leur r√©ussite.


Notre approche de l‚Äôexp√©rience talent qui met les gens √† l‚Äôavant-plan nous a fait gagner une place parmi les cent meilleurs employeurs du Canada pour l‚Äôann√©e 2023. Nous sommes heureux d‚Äôajouter cette reconnaissance, qui constitue une √©tape importante, aux prix que nous avons d√©j√† remport√©s en lien avec l‚Äôexp√©rience talent √† la fois aupr√®s d‚Äôemploy√©s chevronn√©s et d‚Äô√©tudiants.

Notre cabinet s‚Äôengage √† offrir √† ses employ√©s un environnement o√π ils pourront atteindre le succ√®s des fa√ßons suivantes :


: Notre cabinet se pr√©occupe de ses collectivit√©s. BDO s‚Äôengage activement aupr√®s des collectivit√©s en appuyant des initiatives caritatives locales. Nous aidons les membres de notre personnel √† contribuer au bien-√™tre de leur collectivit√© gr√¢ce √† l‚Äôorganisation d‚Äô√©v√©nements locaux et nationaux.

: nous r√©tribuons le rendement au moyen d‚Äôune r√©mun√©ration globale en argent concurrentielle qui reconna√Æt et r√©compense la contribution de nos employ√©s. Nous offrons des avantages flexibles d√®s l‚Äôembauche ainsi qu‚Äôune politique de cong√©s personnels sans pareille sur le march√©. Nous sommes engag√©s √† soutenir le mieux-√™tre de notre personnel au-del√† du travail et nous remboursons donc certaines initiatives de bien-√™tre correspondant √† leur style de vie.

BDO estime que chaque employ√© doit avoir l‚Äôoccasion de participer et de r√©ussir sans obstacle. Gr√¢ce au leadership d√©montr√© par notre Chef de la diversit√©, de l‚Äô√©quit√© et de l‚Äôinclusion, nous nous engageons √† cr√©er un milieu de travail qui promeut le respect, la diversit√©, l‚Äô√©quit√© et l‚Äôinclusion. Nous reconnaissons et ch√©rissons le fait que chaque employ√© est unique, notamment au chapitre de la race, de la religion, des aptitudes physiques et mentales, de l‚Äô√¢ge, l‚Äôorigine ethnique, de la situation de famille, du genre ou de l‚Äôidentit√© de genre et de l‚Äôorientation sexuelle. Si vous avez besoin d‚Äôaide pour postuler, veuillez communiquer avec nous.

On s‚Äôattend √† ce que tout le personnel de BDO passe une partie de son temps √† travailler au bureau, chez le client et virtuellement, √† moins que des mesures d‚Äôadaptation ou d‚Äôautres modalit√©s de travail ne soient en place.

Notre mod√®le est une approche mixte con√ßue pour r√©pondre aux besoins flexibles de nos employ√©s, du cabinet et de nos clients. Il s‚Äôagit de cr√©er des exp√©riences de travail qui r√©pondent aux besoins de chacun et d‚Äôoffrir la flexibilit√© n√©cessaire pour s‚Äôadapter quand, o√π et comment nous travaillons afin de r√©pondre aux attentes de notre r√¥le.

est un puissant facteur de distinction et fait partie int√©grante de la strat√©gie de notre cabinet. Nos valeurs, incarn√©es par nos gens et int√©gr√©es √† nos activit√©s, orientent notre travail quotidien. Elles nous incitent √† consolider nos relations avec nos clients et √† √©tablir un milieu de travail inclusif qui favorise la collaboration et l‚Äôinnovation. Cliquez ici pour en savoir davantage.

Cliquez sur ¬´ Postuler ¬ª pour envoyer votre curriculum vit√¶ √† l‚Äôun de nos sp√©cialistes en recrutement de talents.

Carri√®res.",Entry level,Full-time,Information Technology,Financial Services,https://ca.linkedin.com/jobs/view/stagiaire-certification-et%C3%A9-2024-at-bdo-canada-3701378915?refId=GhxijU%2Bn%2B80VJUamWtYHww%3D%3D&trackingId=xbxIjZ75sZz5KbPy9AAMTQ%3D%3D&position=23&pageNum=0&trk=public_jobs_jserp-result_search-card
Pr√©pos√© service √† la client√®le -ACT,Alimentation Couche-Tard,"Qu√©bec, Quebec, Canada",2023-07-28,,,,,,https://ca.linkedin.com/jobs/view/pr%C3%A9pos%C3%A9-service-%C3%A0-la-client%C3%A8le-act-at-alimentation-couche-tard-3701336330?refId=GhxijU%2Bn%2B80VJUamWtYHww%3D%3D&trackingId=%2FcKagxfRr6BIfFNN3ks%2BlQ%3D%3D&position=24&pageNum=0&trk=public_jobs_jserp-result_search-card
Pr√©pos√© service √† la client√®le -ACT,Alimentation Couche-Tard,"Qu√©bec, Quebec, Canada",2023-08-25,"1805 1Re Av, Qu√©bec, Quebec G1L 4Y5

Pr√©pos√©(e) au service √† la client√®le

Salaire (jour et soir) : 16,45$/h (incluant prime*) + prime de r√©tention de 500$ apr√®s 6 mois**

Horaire : Temps plein ou temps partiel de jour ou soir (√† d√©terminer selon les besoins et vos disponibilit√©s)







Le poids de la marchandise peut varier pouvant peser jusqu‚Äô√† 12 kg (25 lb)






valorise la diversit√© et de l‚Äôinclusion et vise √† cr√©er un milieu de travail sain, accessible et gratifiant qui met en valeur la contribution unique de nos employ√©s au succ√®s de notre entreprise. En tant qu'employeur qui s'engage √† respecter l'√©quit√© en mati√®re d'emploi, nous encourageons les candidatures les plus diverses afin de pouvoir nous doter d‚Äôun effectif vari√© et repr√©sentatif de nos clients et des communaut√©s que l‚Äôon sert. Des accommodements sont disponibles sur demande pour les candidats qui participent √† tous les aspects du processus de s√©lection.",Entry level,Full-time,Management and Manufacturing,Retail,https://ca.linkedin.com/jobs/view/pr%C3%A9pos%C3%A9-service-%C3%A0-la-client%C3%A8le-act-at-alimentation-couche-tard-3705113084?refId=GhxijU%2Bn%2B80VJUamWtYHww%3D%3D&trackingId=oantmRycStuw9AnDzDEdmA%3D%3D&position=25&pageNum=0&trk=public_jobs_jserp-result_search-card
"Stagiaire universitaire Automne 2023, Contr√¥le des mat√©riaux",EXP,"Saint-Lambert-de-L√©vis, Quebec, Canada",2023-08-18,"Job Description

Sous la supervision du directeur principal de notre laboratoire de L√©vis, vous effectuerez le contr√¥le du b√©ton frais, du compactage des enrob√©s bitumineux et des fondations granulaires sur le chantier. Vous effectuerez aussi les essais connexes et les t√¢ches administratives qui vous seront confi√©s.







Si vous avez des questions sur le poste et souhaitez en savoir plus, n‚Äôh√©sitez pas √† nous contacter √† william.leclerc@exp.com. Il nous fera un plaisir de vous fournir des pr√©cisions.",Mid-Senior level,Full-time,Education and Training,"Architecture and Planning, Civil Engineering, and Oil and Gas",https://ca.linkedin.com/jobs/view/stagiaire-universitaire-automne-2023-contr%C3%B4le-des-mat%C3%A9riaux-at-exp-3688537920?refId=X3E6ZqTn8PH7wxWKqs5Ieg%3D%3D&trackingId=R8ZSlLm%2FJqaZ5fT0%2BiIzZg%3D%3D&position=1&pageNum=1&trk=public_jobs_jserp-result_search-card
STAGIAIRE EN G√âNIE FORESTIER,Soci√©t√© qu√©b√©coise des infrastructures,"Qu√©bec, Quebec, Canada",2023-08-28,,,,,,https://ca.linkedin.com/jobs/view/stagiaire-en-g%C3%A9nie-forestier-at-soci%C3%A9t%C3%A9-qu%C3%A9b%C3%A9coise-des-infrastructures-3706419157?refId=X3E6ZqTn8PH7wxWKqs5Ieg%3D%3D&trackingId=f2WqENB61loJtYjzYg4pnQ%3D%3D&position=2&pageNum=1&trk=public_jobs_jserp-result_search-card
Pr√©pos√© service √† la client√®le - temps partiel -ACT,Alimentation Couche-Tard,"Qu√©bec, Quebec, Canada",2023-08-24,"4750 3e Av O, Qu√©bec, Quebec G1H 6G1

Pr√©pos√©(e) au service √† la client√®le

Chez Couche-Tard nous prenons √† c≈ìur la sant√© et s√©curit√© de nos employ√©s. Nous offrons un environnement de travail qui respecte les mesures sanitaires mises en place ainsi qu‚Äôune stabilit√© d‚Äôemploi assur√©e.


Temps plein ou temps partiel de jour ou soir (√† d√©terminer selon les besoins et vos disponibilit√©s)







Le poids de la marchandise peut varier pouvant peser jusqu‚Äô√† 12 kg (25 lb)






valorise la diversit√© et de l‚Äôinclusion et vise √† cr√©er un milieu de travail sain, accessible et gratifiant qui met en valeur la contribution unique de nos employ√©s au succ√®s de notre entreprise. En tant qu'employeur qui s'engage √† respecter l'√©quit√© en mati√®re d'emploi, nous encourageons les candidatures les plus diverses afin de pouvoir nous doter d‚Äôun effectif vari√© et repr√©sentatif de nos clients et des communaut√©s que l‚Äôon sert. Des accommodements sont disponibles sur demande pour les candidats qui participent √† tous les aspects du processus de s√©lection.",Entry level,Full-time,Other,Retail,https://ca.linkedin.com/jobs/view/pr%C3%A9pos%C3%A9-service-%C3%A0-la-client%C3%A8le-temps-partiel-act-at-alimentation-couche-tard-3703454693?refId=X3E6ZqTn8PH7wxWKqs5Ieg%3D%3D&trackingId=7o%2FPM%2BYKOmhyQXr7C37jBQ%3D%3D&position=3&pageNum=1&trk=public_jobs_jserp-result_search-card
Pr√©pos√© service √† la client√®le -ACT,Alimentation Couche-Tard,"Qu√©bec, Quebec, Canada",2023-07-27,"545 76e Rue Ouest, Charlesbourg, Quebec G1H 4S4

Pr√©pos√©(e) au service √† la client√®le

Salaire (jour et soir) : 16,45$/h (incluant prime*) + prime de r√©tention de 500$ apr√®s 6 mois**

Horaire : Temps plein ou temps partiel de jour ou soir (√† d√©terminer selon les besoins et vos disponibilit√©s)







Le poids de la marchandise peut varier pouvant peser jusqu‚Äô√† 12 kg (25 lb)






valorise la diversit√© et de l‚Äôinclusion et vise √† cr√©er un milieu de travail sain, accessible et gratifiant qui met en valeur la contribution unique de nos employ√©s au succ√®s de notre entreprise. En tant qu'employeur qui s'engage √† respecter l'√©quit√© en mati√®re d'emploi, nous encourageons les candidatures les plus diverses afin de pouvoir nous doter d‚Äôun effectif vari√© et repr√©sentatif de nos clients et des communaut√©s que l‚Äôon sert. Des accommodements sont disponibles sur demande pour les candidats qui participent √† tous les aspects du processus de s√©lection.",Entry level,Full-time,Management and Manufacturing,Retail,https://ca.linkedin.com/jobs/view/pr%C3%A9pos%C3%A9-service-%C3%A0-la-client%C3%A8le-act-at-alimentation-couche-tard-3700343053?refId=X3E6ZqTn8PH7wxWKqs5Ieg%3D%3D&trackingId=%2FlzVwntMzYvTubUfpx8kxA%3D%3D&position=4&pageNum=1&trk=public_jobs_jserp-result_search-card
Pr√©pos√© service √† la client√®le - ACT,Alimentation Couche-Tard,"Qu√©bec, Quebec, Canada",2023-08-03,,,,,,https://ca.linkedin.com/jobs/view/pr%C3%A9pos%C3%A9-service-%C3%A0-la-client%C3%A8le-act-at-alimentation-couche-tard-3701452761?refId=X3E6ZqTn8PH7wxWKqs5Ieg%3D%3D&trackingId=RAvvYqY6AN7sxK%2FfrX3FsA%3D%3D&position=5&pageNum=1&trk=public_jobs_jserp-result_search-card
Pr√©pos√© service √† la client√®le -ACT,Alimentation Couche-Tard,"L√©vis, Quebec, Canada",2023-07-29,"800 Avenue Taniata, L√©vis, Quebec G6Z 2C9

Pr√©pos√©(e) au service √† la client√®le

Salaire (jour et soir) : 16,45$/h (incluant prime**) + prime de r√©tention de 500$ apr√®s 6 mois*

Temps plein ou temps partiel de jour ou soir (√† d√©terminer selon les besoins et vos disponibilit√©s)







Le poids de la marchandise peut varier pouvant peser jusqu‚Äô√† 12 kg (25 lb)






valorise la diversit√© et de l‚Äôinclusion et vise √† cr√©er un milieu de travail sain, accessible et gratifiant qui met en valeur la contribution unique de nos employ√©s au succ√®s de notre entreprise. En tant qu'employeur qui s'engage √† respecter l'√©quit√© en mati√®re d'emploi, nous encourageons les candidatures les plus diverses afin de pouvoir nous doter d‚Äôun effectif vari√© et repr√©sentatif de nos clients et des communaut√©s que l‚Äôon sert. Des accommodements sont disponibles sur demande pour les candidats qui participent √† tous les aspects du processus de s√©lection.",Entry level,Full-time,Management and Manufacturing,Retail,https://ca.linkedin.com/jobs/view/pr%C3%A9pos%C3%A9-service-%C3%A0-la-client%C3%A8le-act-at-alimentation-couche-tard-3701441634?refId=X3E6ZqTn8PH7wxWKqs5Ieg%3D%3D&trackingId=P4zhfomIro386GWksfn1aA%3D%3D&position=6&pageNum=1&trk=public_jobs_jserp-result_search-card
Pr√©pos√© service √† la client√®le -ACT,Alimentation Couche-Tard,"Qu√©bec, Quebec, Canada",2023-08-23,"610 Boul Pierre-Bertrand, Qu√©bec, Quebec G1M 3A3

Pr√©pos√©(e) au service √† la client√®le

Chez Couche-Tard nous prenons √† c≈ìur la sant√© et s√©curit√© de nos employ√©s. Nous offrons un environnement de travail qui respecte les mesures sanitaires mises en place ainsi qu‚Äôune stabilit√© d‚Äôemploi assur√©e.


Temps plein ou temps partiel de jour ou soir (√† d√©terminer selon les besoins et vos disponibilit√©s)







Le poids de la marchandise peut varier pouvant peser jusqu‚Äô√† 12 kg (25 lb)






valorise la diversit√© et de l‚Äôinclusion et vise √† cr√©er un milieu de travail sain, accessible et gratifiant qui met en valeur la contribution unique de nos employ√©s au succ√®s de notre entreprise. En tant qu'employeur qui s'engage √† respecter l'√©quit√© en mati√®re d'emploi, nous encourageons les candidatures les plus diverses afin de pouvoir nous doter d‚Äôun effectif vari√© et repr√©sentatif de nos clients et des communaut√©s que l‚Äôon sert. Des accommodements sont disponibles sur demande pour les candidats qui participent √† tous les aspects du processus de s√©lection.",Entry level,Full-time,Management and Manufacturing,Retail,https://ca.linkedin.com/jobs/view/pr%C3%A9pos%C3%A9-service-%C3%A0-la-client%C3%A8le-act-at-alimentation-couche-tard-3702992216?refId=X3E6ZqTn8PH7wxWKqs5Ieg%3D%3D&trackingId=wCGJvtuuvvH%2Bj7RoYxT%2FAA%3D%3D&position=7&pageNum=1&trk=public_jobs_jserp-result_search-card
Pr√©pos√© au service √† la client√®le -ACT,Alimentation Couche-Tard,"L√©vis, Quebec, Canada",2023-07-29,,,,,,https://ca.linkedin.com/jobs/view/pr%C3%A9pos%C3%A9-au-service-%C3%A0-la-client%C3%A8le-act-at-alimentation-couche-tard-3701456947?refId=X3E6ZqTn8PH7wxWKqs5Ieg%3D%3D&trackingId=W851coGihKzwyH%2Fzrj7oDg%3D%3D&position=8&pageNum=1&trk=public_jobs_jserp-result_search-card
Pr√©pos√© service √† la client√®le -ACT,Alimentation Couche-Tard,"L√©vis, Quebec, Canada",2023-08-22,"800 Avenue Taniata, L√©vis, Quebec G6Z 2C9

Pr√©pos√©(e) au service √† la client√®le

Salaire (jour et soir) : 16,45$/h (incluant prime**) + prime de r√©tention de 500$ apr√®s 6 mois*

Temps plein ou temps partiel de jour ou soir (√† d√©terminer selon les besoins et vos disponibilit√©s)







Le poids de la marchandise peut varier pouvant peser jusqu‚Äô√† 12 kg (25 lb)






valorise la diversit√© et de l‚Äôinclusion et vise √† cr√©er un milieu de travail sain, accessible et gratifiant qui met en valeur la contribution unique de nos employ√©s au succ√®s de notre entreprise. En tant qu'employeur qui s'engage √† respecter l'√©quit√© en mati√®re d'emploi, nous encourageons les candidatures les plus diverses afin de pouvoir nous doter d‚Äôun effectif vari√© et repr√©sentatif de nos clients et des communaut√©s que l‚Äôon sert. Des accommodements sont disponibles sur demande pour les candidats qui participent √† tous les aspects du processus de s√©lection.",Entry level,Full-time,Management and Manufacturing,Retail,https://ca.linkedin.com/jobs/view/pr%C3%A9pos%C3%A9-service-%C3%A0-la-client%C3%A8le-act-at-alimentation-couche-tard-3701468664?refId=X3E6ZqTn8PH7wxWKqs5Ieg%3D%3D&trackingId=9jEX6quGWOcF8I%2BfJ9iARg%3D%3D&position=9&pageNum=1&trk=public_jobs_jserp-result_search-card
Pr√©pos√© service √† la client√®le -ACT,Alimentation Couche-Tard,"Qu√©bec, Quebec, Canada",2023-07-29,"1240, Rue Charles-Albanel, Qu√©bec, Quebec G1X 4V1

Pr√©pos√©(e) au service √† la client√®le

Salaire (jour et soir) : 16,25$/h (incluant prime**) + prime de r√©tention de 500$ apr√®s 6 mois*

Temps plein ou temps partiel de jour ou soir (√† d√©terminer selon les besoins et vos disponibilit√©s)







Le poids de la marchandise peut varier pouvant peser jusqu‚Äô√† 12 kg (25 lb)






valorise la diversit√© et de l‚Äôinclusion et vise √† cr√©er un milieu de travail sain, accessible et gratifiant qui met en valeur la contribution unique de nos employ√©s au succ√®s de notre entreprise. En tant qu'employeur qui s'engage √† respecter l'√©quit√© en mati√®re d'emploi, nous encourageons les candidatures les plus diverses afin de pouvoir nous doter d‚Äôun effectif vari√© et repr√©sentatif de nos clients et des communaut√©s que l‚Äôon sert. Des accommodements sont disponibles sur demande pour les candidats qui participent √† tous les aspects du processus de s√©lection.",Entry level,Full-time,Management and Manufacturing,Retail,https://ca.linkedin.com/jobs/view/pr%C3%A9pos%C3%A9-service-%C3%A0-la-client%C3%A8le-act-at-alimentation-couche-tard-3701462988?refId=X3E6ZqTn8PH7wxWKqs5Ieg%3D%3D&trackingId=l6FhcK9RbMKyYjDEGBoVrw%3D%3D&position=10&pageNum=1&trk=public_jobs_jserp-result_search-card
Pr√©pos√© service √† la client√®le -ACT,Alimentation Couche-Tard,"L√©vis, Quebec, Canada",2023-07-27,,,,,,https://ca.linkedin.com/jobs/view/pr%C3%A9pos%C3%A9-service-%C3%A0-la-client%C3%A8le-act-at-alimentation-couche-tard-3700337481?refId=X3E6ZqTn8PH7wxWKqs5Ieg%3D%3D&trackingId=sN7ghuC5DtcTyW2pYn%2BDSw%3D%3D&position=11&pageNum=1&trk=public_jobs_jserp-result_search-card
Pr√©pos√© service √† la client√®le -ACT,Alimentation Couche-Tard,"Qu√©bec, Quebec, Canada",2023-08-01,"3525, Ch. Des Quatre-Bourgeois, Qu√©bec, Quebec G1W 4T9

Horaire : Temps plein ou temps partiel, jour ou soir (√† d√©terminer selon les besoins et vos disponibilit√©s)


Pourquoi tu devrais choisir l‚Äôun de nos d√©panneurs :


√Ä quoi ressemblera ton quotidien dans un de nos d√©panneurs :


Ce que nous cherchons pour l‚Äôun de nos d√©panneurs :


Pour en savoir plus, consultez notre site internet : https://carrieres.couchetard.com

Vous pouvez √©galement faire parvenir votre candidature directement au coordonnateur du territoire √†

Viens grandir avec nous !

Suivez-nous sur LinkedIn!

Le masculin est utilis√©, sans discrimination, afin d‚Äôall√©ger le texte.

valorise la diversit√© et de l‚Äôinclusion et vise √† cr√©er un milieu de travail sain, accessible et gratifiant qui met en valeur la contribution unique de nos employ√©s au succ√®s de notre entreprise. En tant qu'employeur qui s'engage √† respecter l'√©quit√© en mati√®re d'emploi, nous encourageons les candidatures les plus diverses afin de pouvoir nous doter d‚Äôun effectif vari√© et repr√©sentatif de nos clients et des communaut√©s que l‚Äôon sert. Des accommodements sont disponibles sur demande pour les candidats qui participent √† tous les aspects du processus de s√©lection.",Entry level,Full-time,Management and Manufacturing,Retail,https://ca.linkedin.com/jobs/view/pr%C3%A9pos%C3%A9-service-%C3%A0-la-client%C3%A8le-act-at-alimentation-couche-tard-3701468702?refId=X3E6ZqTn8PH7wxWKqs5Ieg%3D%3D&trackingId=TEQltml4BbXGd3VeKHxvNg%3D%3D&position=12&pageNum=1&trk=public_jobs_jserp-result_search-card
Pr√©pos√© service √† la client√®le -ACT,Alimentation Couche-Tard,"L√©vis, Quebec, Canada",2023-08-06,"1505 Route Des Rivi√®res, L√©vis, Quebec G7A 2N9

Pr√©pos√©(e) au service √† la client√®le

Salaire (jour et soir) : 16,45$/h (incluant prime**) + prime de r√©tention de 500$ apr√®s 6 mois*

Temps plein ou temps partiel de jour ou soir (√† d√©terminer selon les besoins et vos disponibilit√©s)







Le poids de la marchandise peut varier pouvant peser jusqu‚Äô√† 12 kg (25 lb)






valorise la diversit√© et de l‚Äôinclusion et vise √† cr√©er un milieu de travail sain, accessible et gratifiant qui met en valeur la contribution unique de nos employ√©s au succ√®s de notre entreprise. En tant qu'employeur qui s'engage √† respecter l'√©quit√© en mati√®re d'emploi, nous encourageons les candidatures les plus diverses afin de pouvoir nous doter d‚Äôun effectif vari√© et repr√©sentatif de nos clients et des communaut√©s que l‚Äôon sert. Des accommodements sont disponibles sur demande pour les candidats qui participent √† tous les aspects du processus de s√©lection.",Entry level,Full-time,Management and Manufacturing,Retail,https://ca.linkedin.com/jobs/view/pr%C3%A9pos%C3%A9-service-%C3%A0-la-client%C3%A8le-act-at-alimentation-couche-tard-3701446278?refId=X3E6ZqTn8PH7wxWKqs5Ieg%3D%3D&trackingId=S9E8d7HjPtUBTcSNvwDGCg%3D%3D&position=13&pageNum=1&trk=public_jobs_jserp-result_search-card
Pr√©pos√© service √† la client√®le -ACT,Alimentation Couche-Tard,"Saint-Augustin-de-Desmaures, Quebec, Canada",2023-08-23,,,,,,https://ca.linkedin.com/jobs/view/pr%C3%A9pos%C3%A9-service-%C3%A0-la-client%C3%A8le-act-at-alimentation-couche-tard-3702805600?refId=X3E6ZqTn8PH7wxWKqs5Ieg%3D%3D&trackingId=d631gH%2BEQG4%2FvEJRIBUryQ%3D%3D&position=14&pageNum=1&trk=public_jobs_jserp-result_search-card
Pr√©pos√© service √† la client√®le,Alimentation Couche-Tard,"Qu√©bec, Quebec, Canada",2023-08-22,"10048 Boul. de l'Ormi√®re, Qu√©bec, Quebec G2B 3L3

Horaire : Temps plein ou temps partiel (√† d√©terminer selon les besoins et vos disponibilit√©s.)

Salaire de jour : $16.45 (prime de 1$ incluse)

Salaire de nuit: $16.45 (Prime de nuit de 3$ + prime de r√©tention 1$ incluse)







Le poids de la marchandise peut varier pouvant peser jusqu‚Äô√† 12 kg (25 lb)

Pour en savoir plus, consultez notre site internet : https://carrieres.couche-tard.com


Viens grandir avec nous !

Suivez-nous sur LinkedIn!

Le masculin est utilis√©, sans discrimination, afin d‚Äôall√©ger le texte.

Nous remercions tous les candidats de l‚Äôint√©r√™t qu‚Äôils portent √† ce poste; seules les personnes s√©lectionn√©es seront contact√©es.",Entry level,Full-time,Management and Manufacturing,Retail,https://ca.linkedin.com/jobs/view/pr%C3%A9pos%C3%A9-service-%C3%A0-la-client%C3%A8le-at-alimentation-couche-tard-3701470052?refId=X3E6ZqTn8PH7wxWKqs5Ieg%3D%3D&trackingId=HVON9LYh%2FSOq8j8Dkw%2FCOg%3D%3D&position=15&pageNum=1&trk=public_jobs_jserp-result_search-card
Pr√©pos√© service √† la client√®le -ACT,Alimentation Couche-Tard,"Saint-Anselme, Quebec, Canada",2023-08-04,"662 Route B√©gin, St-Anselme, Quebec G0R 2N0

Pr√©pos√©(e) au service √† la client√®le

Salaire (jour et soir) : 16,45$/h (incluant prime**) + prime de r√©tention de 500$ apr√®s 6 mois*

Temps plein ou temps partiel de jour ou soir (√† d√©terminer selon les besoins et vos disponibilit√©s)







Le poids de la marchandise peut varier pouvant peser jusqu‚Äô√† 12 kg (25 lb)






valorise la diversit√© et de l‚Äôinclusion et vise √† cr√©er un milieu de travail sain, accessible et gratifiant qui met en valeur la contribution unique de nos employ√©s au succ√®s de notre entreprise. En tant qu'employeur qui s'engage √† respecter l'√©quit√© en mati√®re d'emploi, nous encourageons les candidatures les plus diverses afin de pouvoir nous doter d‚Äôun effectif vari√© et repr√©sentatif de nos clients et des communaut√©s que l‚Äôon sert. Des accommodements sont disponibles sur demande pour les candidats qui participent √† tous les aspects du processus de s√©lection.",Entry level,Full-time,Management and Manufacturing,Retail,https://ca.linkedin.com/jobs/view/pr%C3%A9pos%C3%A9-service-%C3%A0-la-client%C3%A8le-act-at-alimentation-couche-tard-3701467035?refId=X3E6ZqTn8PH7wxWKqs5Ieg%3D%3D&trackingId=puTLJB4R1Vg62mCr4tyALg%3D%3D&position=16&pageNum=1&trk=public_jobs_jserp-result_search-card
Pr√©pos√© service √† la client√®le -ACT,Alimentation Couche-Tard,"L√©vis, Quebec, Canada",2023-08-16,,,,,,https://ca.linkedin.com/jobs/view/pr%C3%A9pos%C3%A9-service-%C3%A0-la-client%C3%A8le-act-at-alimentation-couche-tard-3697459073?refId=X3E6ZqTn8PH7wxWKqs5Ieg%3D%3D&trackingId=Wn25PuxXijqU%2FUcEqkoG6g%3D%3D&position=17&pageNum=1&trk=public_jobs_jserp-result_search-card
"Stagiaire, Certification (Hiver 2024)",BDO Canada,"Qu√©bec, Quebec, Canada",2023-08-24,"Nous veillons chaque jour √† faire de nos employ√©s notre priorit√©

Chez BDO, les relations positives avec nos gens et nos clients sont fondamentales. Chaque jour, nos professionnels offrent √† nos clients un service exceptionnel, ainsi que des conseils et des observations auxquels ils peuvent se fier. En contrepartie, nous offrons √† nos employ√©s un milieu de travail prim√© qui les met √† l‚Äôavant-plan et qui fait de leur croissance personnelle et de leur perfectionnement professionnel une priorit√©.


Notre bureau de recherche pour son √©quipe de c. Il s‚Äôagit d‚Äôun mandat qui s‚Äô√©chelonnera et qui comporte les responsabilit√©s suivantes :






Chez BDO, nous avons √† c≈ìur d‚Äôassurer la r√©ussite des √©tudiants qui sont candidats au titre de CPA. Nous offrons des programmes pr√©approuv√©s dans plus de cent bureaux, du mentorat et du soutien, le remboursement des frais de scolarit√©, l‚Äôinscription au meilleur cours pr√©paratoire √† l‚ÄôEFC au Canada et des options flexibles en mati√®re de cong√© d‚Äô√©tudes pour favoriser leur r√©ussite.


Notre approche de l‚Äôexp√©rience talent qui met les gens √† l‚Äôavant-plan nous a fait gagner une place parmi les cent meilleurs employeurs du Canada pour l‚Äôann√©e 2023. Nous sommes heureux d‚Äôajouter cette reconnaissance, qui constitue une √©tape importante, aux prix que nous avons d√©j√† remport√©s en lien avec l‚Äôexp√©rience talent √† la fois aupr√®s d‚Äôemploy√©s chevronn√©s et d‚Äô√©tudiants.

Notre cabinet s‚Äôengage √† offrir √† ses employ√©s un environnement o√π ils pourront atteindre le succ√®s des fa√ßons suivantes :


: Notre cabinet se pr√©occupe de ses collectivit√©s. BDO s‚Äôengage activement aupr√®s des collectivit√©s en appuyant des initiatives caritatives locales. Nous aidons les membres de notre personnel √† contribuer au bien-√™tre de leur collectivit√© gr√¢ce √† l‚Äôorganisation d‚Äô√©v√©nements locaux et nationaux.

: nous r√©tribuons le rendement au moyen d‚Äôune r√©mun√©ration globale en argent concurrentielle qui reconna√Æt et r√©compense la contribution de nos employ√©s. Nous offrons des avantages flexibles d√®s l‚Äôembauche ainsi qu‚Äôune politique de cong√©s personnels sans pareille sur le march√©. Nous sommes engag√©s √† soutenir le mieux-√™tre de notre personnel au-del√† du travail et nous remboursons donc certaines initiatives de bien-√™tre correspondant √† leur style de vie.

BDO estime que chaque employ√© doit avoir l‚Äôoccasion de participer et de r√©ussir sans obstacle. Gr√¢ce au leadership d√©montr√© par notre Chef de la diversit√©, de l‚Äô√©quit√© et de l‚Äôinclusion, nous nous engageons √† cr√©er un milieu de travail qui promeut le respect, la diversit√©, l‚Äô√©quit√© et l‚Äôinclusion. Nous reconnaissons et ch√©rissons le fait que chaque employ√© est unique, notamment au chapitre de la race, de la religion, des aptitudes physiques et mentales, de l‚Äô√¢ge, l‚Äôorigine ethnique, de la situation de famille, du genre ou de l‚Äôidentit√© de genre et de l‚Äôorientation sexuelle. Si vous avez besoin d‚Äôaide pour postuler, veuillez communiquer avec nous.

On s‚Äôattend √† ce que tout le personnel de BDO passe une partie de son temps √† travailler au bureau, chez le client et virtuellement, √† moins que des mesures d‚Äôadaptation ou d‚Äôautres modalit√©s de travail ne soient en place.

Notre mod√®le est une approche mixte con√ßue pour r√©pondre aux besoins flexibles de nos employ√©s, du cabinet et de nos clients. Il s‚Äôagit de cr√©er des exp√©riences de travail qui r√©pondent aux besoins de chacun et d‚Äôoffrir la flexibilit√© n√©cessaire pour s‚Äôadapter quand, o√π et comment nous travaillons afin de r√©pondre aux attentes de notre r√¥le.

est un puissant facteur de distinction et fait partie int√©grante de la strat√©gie de notre cabinet. Nos valeurs, incarn√©es par nos gens et int√©gr√©es √† nos activit√©s, orientent notre travail quotidien. Elles nous incitent √† consolider nos relations avec nos clients et √† √©tablir un milieu de travail inclusif qui favorise la collaboration et l‚Äôinnovation. Cliquez ici pour en savoir davantage.

Cliquez sur ¬´ Postuler ¬ª pour envoyer votre curriculum vit√¶ √† l‚Äôun de nos sp√©cialistes en recrutement de talents.

Carri√®res.",Entry level,Full-time,Information Technology,Financial Services,https://ca.linkedin.com/jobs/view/stagiaire-certification-hiver-2024-at-bdo-canada-3701418282?refId=X3E6ZqTn8PH7wxWKqs5Ieg%3D%3D&trackingId=zB64c4Yt43JYrszQvOg3OA%3D%3D&position=18&pageNum=1&trk=public_jobs_jserp-result_search-card
Pr√©pos√© service √† la client√®le -ACT,Alimentation Couche-Tard,"Saint-Augustin-de-Desmaures, Quebec, Canada",2023-07-29,"3652 Rue De L'Hetri√®re, Saint-Augustin-De-Desmaures, Quebec G3A 2L4

Horaire : Temps plein ou temps partiel, jour ou soir (√† d√©terminer selon les besoins et vos disponibilit√©s)


Pourquoi tu devrais choisir l‚Äôun de nos d√©panneurs :


√Ä quoi ressemblera ton quotidien dans un de nos d√©panneurs :


Ce que nous cherchons pour l‚Äôun de nos d√©panneurs :


Pour en savoir plus, consultez notre site internet : https://carrieres.couchetard.com

Vous pouvez √©galement faire parvenir votre candidature directement au coordonnateur du territoire √†

Viens grandir avec nous !

Suivez-nous sur LinkedIn!

Le masculin est utilis√©, sans discrimination, afin d‚Äôall√©ger le texte.

valorise la diversit√© et de l‚Äôinclusion et vise √† cr√©er un milieu de travail sain, accessible et gratifiant qui met en valeur la contribution unique de nos employ√©s au succ√®s de notre entreprise. En tant qu'employeur qui s'engage √† respecter l'√©quit√© en mati√®re d'emploi, nous encourageons les candidatures les plus diverses afin de pouvoir nous doter d‚Äôun effectif vari√© et repr√©sentatif de nos clients et des communaut√©s que l‚Äôon sert. Des accommodements sont disponibles sur demande pour les candidats qui participent √† tous les aspects du processus de s√©lection.",Entry level,Full-time,Management and Manufacturing,Retail,https://ca.linkedin.com/jobs/view/pr%C3%A9pos%C3%A9-service-%C3%A0-la-client%C3%A8le-act-at-alimentation-couche-tard-3701467203?refId=X3E6ZqTn8PH7wxWKqs5Ieg%3D%3D&trackingId=INruUKUPizsKcC%2BhNVr74A%3D%3D&position=19&pageNum=1&trk=public_jobs_jserp-result_search-card
"Stagiaire universitaire automne 2023, Ponts et Ouvrages d'art",EXP,"Qu√©bec, Quebec, Canada",2023-05-24,,,,,,https://ca.linkedin.com/jobs/view/stagiaire-universitaire-automne-2023-ponts-et-ouvrages-d-art-at-exp-3602330167?refId=X3E6ZqTn8PH7wxWKqs5Ieg%3D%3D&trackingId=TSd1MhIVyK8AKoO73yxHMQ%3D%3D&position=20&pageNum=1&trk=public_jobs_jserp-result_search-card
Mining Engineering Intern - Winter 2024,BBA Consultants,"Qu√©bec, Quebec, Canada",2023-08-31,"Type of position: Trainee

An Overview Of Your Future Role At BBA

Are you seeking an internship in Mining engineering? BBA is the place to discover the exciting world of engineering and develop your career.

By joining our team, you will be required to work with multidisciplinary teams (engineers, technicians, drafters and other collaborators) on one or more projects, carrying out consulting engineering tasks, such as studies, design and detailed engineering.










For over 40 years, we‚Äôve been pushing the boundaries of engineering to serve our clients in the Energy and Natural Resources sector. At BBA, we develop innovative, flexible and sustainable solutions, from strategy to execution.

BBA is one of Canada‚Äôs leading private consulting engineering firms, focused on practice (PCB), with a network of 18 offices. Our teams work closely to deliver projects that shape tomorrow‚Äôs industry at the local, national and international levels.

Our people‚Äôs passion and excellence make BBA a Canada‚Äôs Best Employer and one of Canada‚Äôs Best Managed Companies .

We have unique talents, and we‚Äôre committed to providing a workplace where you can be yourself . Job postings are written in gender-neutral language.

Learn more about us by visiting our LinkedIn page and join the networks of our talent attraction specialists to speak with them directly.",Associate,Internship,"Design, Consulting, and Engineering",Mining,https://ca.linkedin.com/jobs/view/mining-engineering-intern-winter-2024-at-bba-consultants-3706382966?refId=X3E6ZqTn8PH7wxWKqs5Ieg%3D%3D&trackingId=V%2B0OxKNXYqax82rtK2PK5w%3D%3D&position=21&pageNum=1&trk=public_jobs_jserp-result_search-card
Pr√©pos√© service √† la client√®le - temps plein,Alimentation Couche-Tard,"Qu√©bec, Quebec, Canada",2023-08-15,"11498 Boul Valcartier, Qu√©bec, Quebec G2A 2M6

Horaire : Temps plein ou temps partiel (√† d√©terminer selon les besoins et vos disponibilit√©s.)

Salaire de jour : $16.45 (prime de 1$ incluse)

Salaire de nuit: $16.45 (Prime de nuit de 3$ + prime de r√©tention 1$ incluse)







Le poids de la marchandise peut varier pouvant peser jusqu‚Äô√† 12 kg (25 lb)

Pour en savoir plus, consultez notre site internet : https://carrieres.couche-tard.com


Viens grandir avec nous !

Suivez-nous sur LinkedIn!

Le masculin est utilis√©, sans discrimination, afin d‚Äôall√©ger le texte.

Nous remercions tous les candidats de l‚Äôint√©r√™t qu‚Äôils portent √† ce poste; seules les personnes s√©lectionn√©es seront contact√©es.",Entry level,Full-time,Other,Retail,https://ca.linkedin.com/jobs/view/pr%C3%A9pos%C3%A9-service-%C3%A0-la-client%C3%A8le-temps-plein-at-alimentation-couche-tard-3701459052?refId=X3E6ZqTn8PH7wxWKqs5Ieg%3D%3D&trackingId=428D0VDnKohCi3jwEa2Q%2Fw%3D%3D&position=22&pageNum=1&trk=public_jobs_jserp-result_search-card
Pr√©pos√© service √† la client√®le de soir -ACT,Alimentation Couche-Tard,"Qu√©bec, Quebec, Canada",2023-07-29,,,,,,https://ca.linkedin.com/jobs/view/pr%C3%A9pos%C3%A9-service-%C3%A0-la-client%C3%A8le-de-soir-act-at-alimentation-couche-tard-3701464566?refId=X3E6ZqTn8PH7wxWKqs5Ieg%3D%3D&trackingId=TKcHikZ2buMYQMAu2wrS5w%3D%3D&position=23&pageNum=1&trk=public_jobs_jserp-result_search-card
Pr√©pos√© service √† la client√®le -ACT,Alimentation Couche-Tard,"L√©vis, Quebec, Canada",2023-08-21,"2836 ROUTE LAGUEUX, ST-√âTIENNE-DE-LAUZON, Quebec G6J 1A2

Pr√©pos√©(e) au service √† la client√®le

Salaire (jour et soir) : 16,45$/h (incluant prime**) + prime de r√©tention de 500$ apr√®s 6 mois*

Temps plein ou temps partiel de jour ou soir (√† d√©terminer selon les besoins et vos disponibilit√©s)







Le poids de la marchandise peut varier pouvant peser jusqu‚Äô√† 12 kg (25 lb)






valorise la diversit√© et de l‚Äôinclusion et vise √† cr√©er un milieu de travail sain, accessible et gratifiant qui met en valeur la contribution unique de nos employ√©s au succ√®s de notre entreprise. En tant qu'employeur qui s'engage √† respecter l'√©quit√© en mati√®re d'emploi, nous encourageons les candidatures les plus diverses afin de pouvoir nous doter d‚Äôun effectif vari√© et repr√©sentatif de nos clients et des communaut√©s que l‚Äôon sert. Des accommodements sont disponibles sur demande pour les candidats qui participent √† tous les aspects du processus de s√©lection.",Entry level,Full-time,Management and Manufacturing,Retail,https://ca.linkedin.com/jobs/view/pr%C3%A9pos%C3%A9-service-%C3%A0-la-client%C3%A8le-act-at-alimentation-couche-tard-3701461760?refId=X3E6ZqTn8PH7wxWKqs5Ieg%3D%3D&trackingId=7ctuYOJu%2BxWU5V7XzQwQXw%3D%3D&position=24&pageNum=1&trk=public_jobs_jserp-result_search-card
Pr√©pos√© service √† la client√®le MATIN -ACT,Alimentation Couche-Tard,"Saint-Apollinaire, Quebec, Canada",2023-08-02,"495 Rue Laurier Sortie 291, St-Apollinaire, Quebec G0S 2E0

Pr√©pos√©(e) au service √† la client√®le.

Salaire (jour et soir) : 16,45$/h (incluant prime**) + prime de r√©tention de 500$ apr√®s 6 mois*

Temps plein ou temps partiel de jour ou soir (√† d√©terminer selon les besoins et vos disponibilit√©s)







Le poids de la marchandise peut varier pouvant peser jusqu‚Äô√† 12 kg (25 lb)






valorise la diversit√© et de l‚Äôinclusion et vise √† cr√©er un milieu de travail sain, accessible et gratifiant qui met en valeur la contribution unique de nos employ√©s au succ√®s de notre entreprise. En tant qu'employeur qui s'engage √† respecter l'√©quit√© en mati√®re d'emploi, nous encourageons les candidatures les plus diverses afin de pouvoir nous doter d‚Äôun effectif vari√© et repr√©sentatif de nos clients et des communaut√©s que l‚Äôon sert. Des accommodements sont disponibles sur demande pour les candidats qui participent √† tous les aspects du processus de s√©lection.",Entry level,Full-time,Management and Manufacturing,Retail,https://ca.linkedin.com/jobs/view/pr%C3%A9pos%C3%A9-service-%C3%A0-la-client%C3%A8le-matin-act-at-alimentation-couche-tard-3701461158?refId=X3E6ZqTn8PH7wxWKqs5Ieg%3D%3D&trackingId=Wqn%2Beo0x%2Bfrz7Kk0S3C6UQ%3D%3D&position=25&pageNum=1&trk=public_jobs_jserp-result_search-card
Pr√©pos√© service √† la client√®le de nuit,Alimentation Couche-Tard,"Qu√©bec, Quebec, Canada",2023-08-21,,,,,,https://ca.linkedin.com/jobs/view/pr%C3%A9pos%C3%A9-service-%C3%A0-la-client%C3%A8le-de-nuit-at-alimentation-couche-tard-3701437915?refId=Lma9w9BwZWlxLGk8GubUvg%3D%3D&trackingId=tVWSda3Tmkgw9zlJ2QmLaA%3D%3D&position=1&pageNum=2&trk=public_jobs_jserp-result_search-card
Pr√©pos√©(e) service √† la client√®le - ACT,Alimentation Couche-Tard,"Ste.-Anne-de-Beaupr√©, Quebec, Canada",2023-07-29,"9687 Boul Sainte-Anne, Sainte-Anne Beaupr√©, Quebec G0A 3C0

Pr√©pos√©(e) au service √† la client√®le

Salaire (jour et soir) : 18,45$/h (incluant prime**) + prime de r√©tention de 500$ apr√®s 6 mois*

Temps plein ou temps partiel de jour ou soir (√† d√©terminer selon les besoins et vos disponibilit√©s)







Le poids de la marchandise peut varier pouvant peser jusqu‚Äô√† 12 kg (25 lb)






valorise la diversit√© et de l‚Äôinclusion et vise √† cr√©er un milieu de travail sain, accessible et gratifiant qui met en valeur la contribution unique de nos employ√©s au succ√®s de notre entreprise. En tant qu'employeur qui s'engage √† respecter l'√©quit√© en mati√®re d'emploi, nous encourageons les candidatures les plus diverses afin de pouvoir nous doter d‚Äôun effectif vari√© et repr√©sentatif de nos clients et des communaut√©s que l‚Äôon sert. Des accommodements sont disponibles sur demande pour les candidats qui participent √† tous les aspects du processus de s√©lection.",Entry level,Full-time,Other,Retail,https://ca.linkedin.com/jobs/view/pr%C3%A9pos%C3%A9-e-service-%C3%A0-la-client%C3%A8le-act-at-alimentation-couche-tard-3701447090?refId=Lma9w9BwZWlxLGk8GubUvg%3D%3D&trackingId=e2SsbjSaFt7oi30S9jDrNQ%3D%3D&position=2&pageNum=2&trk=public_jobs_jserp-result_search-card
pr√©pos√© au service √† la client√®le,Alimentation Couche-Tard,"Beaupr√©, Quebec, Canada",2023-08-09,"11005 Boulevard Ste-Anne, Beaupr√©, Quebec G0A 1E0

Horaire : Temps plein ou temps partiel (√† d√©terminer selon les besoins et vos disponibilit√©s.)

Salaire de jour : $18.45 (prime de 1$ incluse)

Salaire de nuit: $18.45 (Prime de nuit de 3$ + prime de r√©tention 1$ incluse)







Le poids de la marchandise peut varier pouvant peser jusqu‚Äô√† 12 kg (25 lb)

Pour en savoir plus, consultez notre site internet : https://carrieres.couche-tard.com


Viens grandir avec nous !

Suivez-nous sur LinkedIn!

Le masculin est utilis√©, sans discrimination, afin d‚Äôall√©ger le texte.

Nous remercions tous les candidats de l‚Äôint√©r√™t qu‚Äôils portent √† ce poste; seules les personnes s√©lectionn√©es seront contact√©es.",Entry level,Full-time,Other,Retail,https://ca.linkedin.com/jobs/view/pr%C3%A9pos%C3%A9-au-service-%C3%A0-la-client%C3%A8le-at-alimentation-couche-tard-3701456278?refId=Lma9w9BwZWlxLGk8GubUvg%3D%3D&trackingId=V34PlzQuURpe3GUyWckvew%3D%3D&position=3&pageNum=2&trk=public_jobs_jserp-result_search-card
Stagiaire en m√©canique des roches,WSP in Canada,"Qu√©bec, Quebec, Canada",2023-08-26,,,,,,https://ca.linkedin.com/jobs/view/stagiaire-en-m%C3%A9canique-des-roches-at-wsp-in-canada-3663776280?refId=Lma9w9BwZWlxLGk8GubUvg%3D%3D&trackingId=mpY02XfGZX84gbFu2rEB8Q%3D%3D&position=4&pageNum=2&trk=public_jobs_jserp-result_search-card
Stagiaire - Programme de leadership de la cha√Æne d‚Äôapprovisionnement et centre de distribution,PepsiCo,"Qu√©bec, Quebec, Canada",2023-08-29,"Aper√ßu

Programme de leadership de la cha√Æne d‚Äôapprovisionnement et de centre de distribution de PepsiCo Canada Aliments

√Ä PepsiCo Canada Aliments, nous sommes toujours √† la recherche de personnes talentueuses, et notre qu√™te nous am√®ne souvent √† visiter des campus comme le v√¥tre! Alors, pourquoi choisir le programme de leadership de la cha√Æne d‚Äôapprovisionnement?




√Ä quoi pourrait ressembler votre premi√®re exp√©rience?



Quels types de candidats et candidates recherchons-nous?


Ce √† quoi vous pouvez vous attendre de la part de l‚Äôorganisation :


L‚Äôentreprise

PepsiCo est un endroit privil√©gi√© pour les gens curieux. Nous invitons les penseurs et penseuses, les entrepreneurs et entrepreneuses et les agents et agentes du changement √† promouvoir l‚Äôinnovation, √† prendre des risques calcul√©s et √† remettre en question le statu quo. Des cadres aux membres d‚Äô√©quipes de premi√®re ligne, nous envisageons tous et toutes l‚Äôavenir avec enthousiasme. Nous prenons des risques. Ensemble, nous osons rendre le monde meilleur.",Mid-Senior level,Full-time,Education and Training,Food and Beverage Services and Manufacturing,https://ca.linkedin.com/jobs/view/stagiaire-programme-de-leadership-de-la-cha%C3%AEne-d%E2%80%99approvisionnement-et-centre-de-distribution-at-pepsico-3687814559?refId=Lma9w9BwZWlxLGk8GubUvg%3D%3D&trackingId=t7Fbib10Aqku6oZ4KJRE0w%3D%3D&position=5&pageNum=2&trk=public_jobs_jserp-result_search-card
"Personal Lines Damage Insurance Broker, L√©vis, Quebec",The Agency by Workland,"L√©vis, Quebec, Canada",2023-08-22,"SEEKING A PERSONAL LINES DAMAGE INSURANCE BROKER: NEW GRADUATES WELCOMED!

POSSIBILITY OF REMOTE OR HYBRID WORK



Are you looking for an internship to confirm your AMF certification with a strong chance get a permanent employment? This opportunity is perfect for you!

Our client has been a leader in insurance and financial services brokerage for decades. The company's four main areas of activity are property and casualty insurance services for individuals, groups, businesses and financial services. The company has more than twenty offices in ten regions across the province.

Our client is currently looking for to join the team in their offices located throughout Quebec.





Under the authority of the Unit Manager, the advises personal line clients on various insurance companies‚Äô products in order to meet their needs. In addition, they provide customer service and the necessary follow-up for each client.







Workland is proud to have been mandated to assist this company in the recruitment process of this great job opportunity. Workland's mission is to solve recruitment and job search problems by combining marketing, technology and experienced professionals. The ultimate goal is to accelerate and facilitate the process of connecting talented professionals with the right organizations through an approach that promotes diversity, equity and inclusion in the workplace.",Mid-Senior level,Full-time,Other,Human Resources Services,https://ca.linkedin.com/jobs/view/personal-lines-damage-insurance-broker-l%C3%A9vis-quebec-at-the-agency-by-workland-3693034168?refId=Lma9w9BwZWlxLGk8GubUvg%3D%3D&trackingId=qqf5R96Ve0qPULBwP6rzQA%3D%3D&position=6&pageNum=2&trk=public_jobs_jserp-result_search-card
Stagiaire - Programme de leadership de la cha√Æne d‚Äôapprovisionnement et centre de distribution,PepsiCo,"Qu√©bec, Quebec, Canada",2023-09-04,"Overview

Responsibilities

Qualifications

Programme de leadership de la cha√Æne d‚Äôapprovisionnement et de centre de distribution de PepsiCo Canada Aliments

√Ä PepsiCo Canada Aliments, nous sommes toujours √† la recherche de personnes talentueuses, et notre qu√™te nous am√®ne souvent √† visiter des campus comme le v√¥tre! Alors, pourquoi choisir le programme de leadership de la cha√Æne d‚Äôapprovisionnement?



√Ä quoi pourrait ressembler votre premi√®re exp√©rience?


Quels types de candidats et candidates recherchons-nous?


Ce √† quoi vous pouvez vous attendre de la part de l‚Äôorganisation :


L‚Äôentreprise

PepsiCo est un endroit privil√©gi√© pour les gens curieux. Nous invitons les penseurs et penseuses, les entrepreneurs et entrepreneuses et les agents et agentes du changement √† promouvoir l‚Äôinnovation, √† prendre des risques calcul√©s et √† remettre en question le statu quo. Des cadres aux membres d‚Äô√©quipes de premi√®re ligne, nous envisageons tous et toutes l‚Äôavenir avec enthousiasme. Nous prenons des risques. Ensemble, nous osons rendre le monde meilleur.",Mid-Senior level,Full-time,Education and Training,Food and Beverage Services and Manufacturing,https://ca.linkedin.com/jobs/view/stagiaire-programme-de-leadership-de-la-cha%C3%AEne-d%E2%80%99approvisionnement-et-centre-de-distribution-at-pepsico-3687814560?refId=Lma9w9BwZWlxLGk8GubUvg%3D%3D&trackingId=%2BZwxMHQmzQSUbXjvtuZOqw%3D%3D&position=7&pageNum=2&trk=public_jobs_jserp-result_search-card
STAGIAIRE EN ANALYSE FINANCI√àRE,Soci√©t√© qu√©b√©coise des infrastructures,"Qu√©bec, Quebec, Canada",2023-08-28,"Votre r√¥le

Tu es passionn√© par les finances ? Tu aimes travailler avec des tableaux de bord ? Tu d√©sires maximiser tes apprentissages ? La Direction des op√©rations financi√®res a le stage qu‚Äôil te faut !

Travailler √† la SQI, c‚Äôest contribuer √† b√¢tir le Qu√©bec de demain. En tant qu‚Äôexpert immobilier du gouvernement du Qu√©bec, la Soci√©t√© qu√©b√©coise des infrastructures propose des d√©fis stimulants et la possibilit√© d‚Äôavoir un r√©el impact sur la soci√©t√©. Nos √©quipes multidisciplinaires √©voluent dans un climat de confiance, d‚Äôam√©lioration continue et de collaboration, et ce, dans le respect d‚Äôune culture organisationnelle ax√©e sur le d√©veloppement durable et de valeurs communes (respect, int√©grit√©, rigueur, savoir-faire, performance et innovation).



Tu veux en savoir plus sur nous ? Visite le www.sqi.gouv.qc.ca









Tu es int√©ress√© √† contribuer √† b√¢tir le Qu√©bec de demain en devenant stagiaire √† la SQI ? √áa tombe bien, la SQI a besoin de toi ! Pour postuler, rien de plus simple ! Il suffit de cr√©er ton profil en prenant soin de joindre ta lettre de motivation, ton curriculum vitae et ton relev√© de notes au https://pilierdevotreavenir.com/?offerid=3546 .

La Soci√©t√© qu√©b√©coise des infrastructures applique un programme d‚Äôacc√®s √† l‚Äô√©galit√© et invite les femmes, les Autochtones, les minorit√©s visibles, les minorit√©s ethniques et les personnes handicap√©es √† pr√©senter leur candidature.

Des mesures d‚Äôadaptation peuvent √™tre offertes aux personnes handicap√©es en fonction de leurs besoins.

Le genre masculin est utilis√© sans discrimination et dans le seul but d‚Äôall√©ger le texte.

Nous remercions tous les candidats de leur int√©r√™t pour le poste. Toutefois, seuls les candidats pr√©s√©lectionn√©s seront contact√©s.",Internship,Full-time,Other,"Construction, Government Administration, and Real Estate",https://ca.linkedin.com/jobs/view/stagiaire-en-analyse-financi%C3%A8re-at-soci%C3%A9t%C3%A9-qu%C3%A9b%C3%A9coise-des-infrastructures-3706106670?refId=Lma9w9BwZWlxLGk8GubUvg%3D%3D&trackingId=cfMg1o2WMXw0%2BsQCN6VVYg%3D%3D&position=8&pageNum=2&trk=public_jobs_jserp-result_search-card
Stagiaire - Gestion de Projets ( Qu√©bec - Automne 2023),EBC Inc.,"Qu√©bec, Quebec, Canada",2023-07-09,"Description Du Poste

Travailler chez EBC, c'est se joindre √† une entreprise de construction en plein essor, active √† travers le Canada dans une vari√©t√© de domaines. C'est aussi travailler pour une entreprise soucieuse de la sant√© et du bien-√™tre de ses employ√©s qui propose divers programmes et actions pour favoriser la culture du mieux-√™tre. Des conditions id√©ales pour vivre de nouveaux d√©fis et faire progresser sa carri√®re.

Dans le cadre de ton stage, tu auras la chance de participer ou d'√™tre responsable des t√¢ches habituellement assign√©es √† un Ing√©nieur de chantier. Ton r√¥le consistera √† assister le G√©rant de projet dans les diff√©rentes t√¢ches associ√©es au chantier incluant la planification, l'organisation et le support √† l'ex√©cution. Allant de diverses n√©gociations avec les fournisseurs et sous-traitants jusqu'√† apporter un support au niveau des m√©thodes de travail. Tu devras √©galement √©laborer et recommander des am√©liorations aux normes de conception, fournir des conseils et r√©soudre des probl√®mes complexes en mati√®re de conception et d'ing√©nierie sur le chantier.",Mid-Senior level,Full-time,Project Management and Information Technology,Construction,https://ca.linkedin.com/jobs/view/stagiaire-gestion-de-projets-qu%C3%A9bec-automne-2023-at-ebc-inc-3682656314?refId=Lma9w9BwZWlxLGk8GubUvg%3D%3D&trackingId=HV8L3WpmTxLsIOarHO7A6Q%3D%3D&position=9&pageNum=2&trk=public_jobs_jserp-result_search-card
Directeur de comptes - Stagiaire,TD,"Qu√©bec, Quebec, Canada",2023-09-03,,,,,,https://ca.linkedin.com/jobs/view/directeur-de-comptes-stagiaire-at-td-3707301126?refId=Lma9w9BwZWlxLGk8GubUvg%3D%3D&trackingId=ypMfI2%2BvqPGdFSHCYTaPzA%3D%3D&position=10&pageNum=2&trk=public_jobs_jserp-result_search-card
"Stage en comptabilit√© (DEP, AEC ou DEC)",Raymond Chabot Grant Thornton,Greater Quebec City Metropolitan Area,2023-09-03,"Prends ton envol avec des √©quipes multidisciplinaires au sein desquelles la collaboration acc√©l√®re ton avanc√©e. Notre soci√©t√© laisse son empreinte chaque jour sur les sc√®nes locale, nationale et internationale. Oriente tes choix selon tes envies, fais √ßa √† ton go√ªt.

Joins ton talent aux n√¥tres, agissons ensemble pour les entreprises!

Le stage et la carri√®re chez Raymond Chabot Grant Thornton


Pour voir tous nos bureaux : Nos bureaux | Raymond Chabot Grant Thornton





Si tu es en voie de terminer des √©tudes professionnelles ou coll√©giales en comptabilit√© (DEP, AEC ou DEC), que tu aimes travailler en √©quipe et que tu souhaites te d√©velopper, ce stage est pour toi!


Nous embauchons des √©tudiants √† tout moment selon la p√©riode de stage de ton √©tablissement scolaire.

Chaque aventure commence par un choix; la tienne commence ici!

Postule d√®s aujourd‚Äôhui et n‚Äôoublie pas de joindre ton curriculum vitae ainsi que ton dernier relev√© de notes √† ta candidature.



Ana√Øs Eudes : Eudes.Anais@rcgt.com

Genevi√®ve Dub√©-Marcil : Dube-Marcil.Genevieve@rcgt.com",Mid-Senior level,Full-time,Accounting/Auditing and Finance,Financial Services,https://ca.linkedin.com/jobs/view/stage-en-comptabilit%C3%A9-dep-aec-ou-dec-at-raymond-chabot-grant-thornton-3337718209?refId=Lma9w9BwZWlxLGk8GubUvg%3D%3D&trackingId=nQZOnCpdglZ484n4W6ONaw%3D%3D&position=11&pageNum=2&trk=public_jobs_jserp-result_search-card
Stagiaire - Gestion de Projets (Hiver 2024),EBC Inc.,"Qu√©bec, Quebec, Canada",2023-08-28,"Description Du Poste

Travailler chez EBC, c'est se joindre √† une entreprise de construction en plein essor, active √† travers le Canada dans une vari√©t√© de domaines. C'est aussi travailler pour une entreprise soucieuse de la sant√© et du bien-√™tre de ses employ√©s qui propose divers programmes et actions pour favoriser la culture du mieux-√™tre. Des conditions id√©ales pour vivre de nouveaux d√©fis et faire progresser sa carri√®re.

Dans le cadre de ton stage, tu auras la chance de participer ou d'√™tre responsable des t√¢ches habituellement assign√©es √† un Ing√©nieur de chantier. Ton r√¥le consistera √† assister le G√©rant de projet dans les diff√©rentes t√¢ches associ√©es au chantier incluant la planification, l'organisation et le support √† l'ex√©cution. Allant de diverses n√©gociations avec les fournisseurs et sous-traitants jusqu'√† apporter un support au niveau des m√©thodes de travail. Tu devras √©galement √©laborer et recommander des am√©liorations aux normes de conception, fournir des conseils et r√©soudre des probl√®mes complexes en mati√®re de conception et d'ing√©nierie sur le chantier.",Mid-Senior level,Full-time,Project Management and Information Technology,Construction,https://ca.linkedin.com/jobs/view/stagiaire-gestion-de-projets-hiver-2024-at-ebc-inc-3695602268?refId=Lma9w9BwZWlxLGk8GubUvg%3D%3D&trackingId=dTVQNn%2BoaF61PmXUDeY0TQ%3D%3D&position=12&pageNum=2&trk=public_jobs_jserp-result_search-card
"Qu√©bec City - CPA Opportunities in Audit, Tax and Advisory",KPMG Canada,"Qu√©bec, Quebec, Canada",2023-08-19,,,,,,https://ca.linkedin.com/jobs/view/qu%C3%A9bec-city-cpa-opportunities-in-audit-tax-and-advisory-at-kpmg-canada-3694960758?refId=Lma9w9BwZWlxLGk8GubUvg%3D%3D&trackingId=5%2FErklJ%2FzZPAFAN1pjzEZQ%3D%3D&position=13&pageNum=2&trk=public_jobs_jserp-result_search-card
